Text_ID,Original_Text,Place_Name,Place_Type,Spatial_Features_Manmade,Spatial_Features_Natural,Spatial_Features_Visual,Spatial_Features_OtherSensory,Sensory_Visual_Desc,Sensory_Auditory_Desc,Sensory_TactileKinesthetic_Desc,Sensory_OlfactoryGustatory_Desc,Cognitive_Legibility_Orientation,Cognitive_Functionality_Usability,Cognitive_Aesthetics_Quality,Cognitive_Atmosphere_Experience,Cognitive_Meaning_Association,Social_CrowdLevel,Emotion_Valence,Emotion_Discrete,Emotion_Intensity,Emotion_Shift,Social_Company,Behavior_Activities,Behavior_Social_Interaction_Desc,Behavior_Lingering_Mention,Behavior_Approach_Avoidance_Intent,Behavior_Plan_Change,Behavior_Activity_Evaluation,RE_Spatial_Cognitive,RE_Cognitive_Emotion,RE_Emotion_Behavior,RE_Spatial_Emotion,RE_Spatial_Relation,RE_Other,Spatio_Emotional_Cognitive_Behavioral_Summary
entry_1,🚲扬子江公园浦口码头长江大桥绿道，本以为就一个扬子江生态公园，没想到骑车可以一路向北到长江大桥附近，太美了，比玄武湖更舒适。 ⭐天气好，很出片！降了一点色温，突出蓝调。抓拍到的一家三口，有意思的画面。,扬子江公园; 浦口码头; 长江大桥,公园/绿地; 交通枢纽; 地标/空间节点; 路径/步道,绿道; 长江大桥,天气,蓝调; 一家三口,,很出片; 蓝调,,舒适,,,舒适,太美了; 很出片; 有意思,舒适,,,Positive,愉悦/开心; 惊叹/敬畏; 兴趣/好奇,强/高,否,独自,骑车(个人); 拍照(个人),抓拍到的一家三口,,,否,很出片,[绿道] -> [舒适]; [天气好] -> [很出片],[太美了] -> [愉悦/开心]; [舒适] -> [放松/平静],,[扬子江公园浦口码头长江大桥绿道] -> [愉悦/开心],[绿道] [连接] [扬子江公园]; [绿道] [连接] [长江大桥],,在扬子江公园浦口码头长江大桥绿道(地点/人造特征)，骑车和拍照(行为)，天气好(自然特征)，感觉景色太美、很出片、比玄武湖更舒适(认知美学/氛围)，感到愉悦(情感)。
entry_2,Day1:玄武湖明城墙（解放门太平门）德基艺术博物馆（打卡德基解忧所）明朝那些事儿沉浸展夫子庙老门东中华门夜景 Day2:弘阳广场浦口火车站坐船到中山码头骑共享单车到下关火车街区步行到南京长江大桥科巷吃美食中山陵（音乐台）D9街区（1921街区）南京站 带着水韵江苏旅游年卡游南京，第一天的路线都是根据年卡的景点路线游玩的。 玄武湖挺大，不想走，也有旅游车。 德基艺术博物馆需要提前一天预约，夫子庙的科举博物馆需要16点前换票，错过时间没去成。明朝那些事儿沉浸展在夫子庙旁边非遗馆，距离不远，有点无聊，15点半、16点半一场小密室，20分钟左右。 老门东的美食可以，紫藤花开了，很美。老门东走到中华门700m，18点30分左右换票进入，正好看表演，表演结束可以登城门看夜景，远望报恩塔。 南京共享单车选择哈啰4.9元3天不限次的性价比高，景点距离不远，骑车比较省脚力。 住宿在弘阳广场附近，有点远，但是本人有优惠，29元拿下。顺便逛了下弘阳广场未来世界，3个游乐项目，摩天轮11点多开，116米高，门票正价60，等不到去了浦口火车站街区，南京北站旧址改造，店铺还未全开，可以拍照。对面浦口码头坐船到中山码头，刷公交卡2元，船二楼看看风景，很美。 中山码头骑车到下关火车街区，步行到南京长江大桥（很长一段路），这里是近距离看长江大桥的地方。 骑车3km到地铁站坐到大行宫站，科巷美食挺多，选择也多。大行宫到下马坊站，出来乘旅游车10元去中山陵，上山3km，这个钱不要省啊。中山陵爬上去也要很多体力，没有提前预约，到现场约的，3点多到已经有1.7万人，人真多，纪念馆不能带纸杯装饮料，没进。对面就是音乐台，门票10元，各种优惠券叠加1元拿下。游客挺多，拍照20，拍照的人很多。下山走森林步道600m到中山停车场，步道并不无聊，有摄影作品，并且两边店铺不少，观赏性也不错，中山停车场骑共享单车下山（这一段有共享单车和电瓶车了），全程下坡路，不用自己骑，省了10元游览车费用。 还有1小时打卡了D9街区和1921街区，一街之隔，D9街区适合喜欢拍照打卡的，几个场景不错。,玄武湖; 明城墙; 解放门; 太平门; 德基艺术博物馆; 夫子庙; 老门东; 中华门; 弘阳广场; 浦口火车站; 中山码头; 下关火车街区; 南京长江大桥; 科巷; 中山陵; 音乐台; D9街区; 1921街区; 南京站; 浦口码头; 南京北站; 大行宫站; 下马坊站; 中山停车场,公园/绿地; 历史遗迹; 商业设施; 交通枢纽; 广场/开阔地; 地标/空间节点; 路径/步道,明城墙; 解放门; 太平门; 博物馆; 沉浸展; 中华门; 城门; 报恩塔; 共享单车; 住宿; 弘阳广场; 游乐项目; 摩天轮; 浦口火车站; 南京北站; 店铺; 船; 轮渡; 中山码头; 下关火车街区; 长江大桥; 地铁站; 旅游车; 中山陵; 纪念馆; 音乐台; 森林步道; 中山停车场; D9街区; 1912街区; 南京站,玄武湖; 紫藤花,夜景; 风景,,挺大; 很美; 不错,,省脚力; 要很多体力,,有点远; 距离不远; 很长一段路,有旅游车; 需要提前一天预约; 需要16点前换票; 性价比高; 省脚力; 设施齐全 (共享单车/电瓶车); 方便 (旅游车),很美; 不错; 观赏性也不错,有点无聊; 并不无聊,,人真多; 游客挺多,Mixed,愉悦/开心; 无聊/厌烦; 挫败/烦恼,中/一般,否,独自,游玩(个人); 打卡(个人); 看展(个人); 坐船(个人); 骑共享单车(个人); 步行(个人); 吃美食(个人); 看表演(个人); 登城门(个人); 看夜景(个人); 拍照(个人); 逛街(个人),,20分钟左右,,是 (科举博物馆错过时间没去成; 纪念馆不能带饮料没进),有点无聊 (沉浸展); 省脚力 (骑车),[紫藤花] -> [很美]; [共享单车] -> [性价比高]; [旅游车] -> [方便],[有点无聊] -> [无聊/厌烦]; [很美] -> [愉悦/开心],,[风景] -> [愉悦/开心],[明朝那些事儿沉浸展] [位于] [夫子庙旁边非遗馆]; [老门东] [距离700m] [中华门]; [浦口码头] [位于] [浦口火车站对面]; [中山码头] [距离3km] [地铁站]; [音乐台] [位于] [中山陵对面],[水韵江苏旅游年卡] -> [游南京],根据年卡路线游览了南京多个景点(行为)，包括玄武湖、老门东、浦口火车站、中山陵等(地点)，体验了坐船、骑车、看展等活动(行为)，认为老门东紫藤花很美、船上风景很美(认知美学)，但部分展馆有点无聊(认知氛围)，中山陵人多(认知人群)，整体行程充实但也有遗憾(情感)。
entry_3,感到焦虑时，就去做内心最想做的事情吧！ 在焦虑已经成为现代人普遍的精神状态时，全身心的投入拍照的过程真的会让人短暂地忘记一切现实的烦恼，像是给大脑做按摩。干起来，一切自有其解决的办法。 一点拍照小技巧： 1. 光线运用：这张照片运用了侧逆光，营造出梦幻的氛围。在拍照时，可以选择清晨或傍晚时分，利用柔和的自然光线，让光线从侧面或后面打过来，勾勒出人物的轮廓，增加照片的层次感和立体感。 2. 道具选择：选择具有季节特色的道具，如照片中的棉花和花朵，能增强画面的氛围感和主题感。 地点：南京下关火车站,下关火车站,历史遗迹; 交通枢纽,,光线; 清晨; 傍晚; 棉花; 花朵,光线; 侧逆光; 人物轮廓; 棉花; 花朵,,柔和; 梦幻,,,,,,,梦幻的氛围; 氛围感,,,Mixed,焦虑/害怕; 放松/平静,中/一般,是 (焦虑->放松),独自,拍照(个人),,,,否,短暂地忘记一切现实的烦恼; 像是给大脑做按摩,[侧逆光] -> [梦幻的氛围]; [道具] -> [增强画面的氛围感],[忘记烦恼/像按摩] -> [放松/平静],[焦虑/害怕] -> [拍照],,[地点] [是] [南京下关火车站],[拍照的过程] -> [忘记烦恼],在南京下关火车站(地点)，感到焦虑时(情感)，通过全身心投入拍照(行为)，利用侧逆光营造梦幻氛围(空间特征/认知氛围)，能短暂忘记烦恼，感到放松(情感/活动评价)。
entry_4,在南京长江边沿江路上，中山北路北段，铁路轮渡栈桥旧址西边，还有座重要的轮渡码头，就是具有百年历史的＂中山码头＂。中山码头始建于1925年，最初名为＂京浦铁路首都码头＂，我们也叫他下关码头。 1928年8月8日峻工。他的历史可以追溯到民国时期，最初是为了迎接孙中山先生的灵柩而建，因此得名＂中山码头＂。被列为南京市第三批第一名文化遗产保护名录，具有重要的文化和历史价值。 他的航线从南京下关码头到浦口码头。南京长江大桥建成后，他的作用减少了很多，但目前仍在使用。 图一为中山码头重新修缮后的外景；图二为几十年前的中山码头外景；图三为中山码头登船处；图四为中山码头轮渡船之一＂中山号＂；图六、图七为江北浦口码头。,中山码头; 浦口码头; 南京长江大桥; 下关码头,交通枢纽; 历史遗迹; 地标/空间节点,铁路轮渡栈桥旧址; 轮渡码头; 中山码头; 下关码头; 登船处; 轮渡船; 中山号; 浦口码头; 南京长江大桥,长江,外景,,,,,,,作用减少了很多; 目前仍在使用,重新修缮,,具有百年历史; 民国时期; 迎接孙中山先生的灵柩; 文化遗产保护名录; 重要的文化和历史价值,,Neutral,,,否,,,,,,否,,[中山码头] -> [具有百年历史/重要的文化和历史价值],,,,[中山码头] [位于] [南京长江边沿江路上]; [中山码头] [位于] [中山北路北段]; [中山码头] [位于] [铁路轮渡栈桥旧址西边]; [中山码头航线] [从] [南京下关码头] [到] [浦口码头],[南京长江大桥建成后] -> [中山码头作用减少],介绍了位于南京长江边沿江路的中山码头(地点)，其具有百年历史(认知意义)，最初为迎接孙中山灵柩而建(认知意义)，是重要的文化遗产(认知意义)，连接下关与浦口(空间关系)，虽然作用减少但仍在使用(认知功能)。
entry_5,周末值得去江边走一走 以前轮渡等候的候船厅变成了历史陈列馆 大爱腰包 小包就要够亮眼,江边; 轮渡候船厅; 历史陈列馆,滨水区域; 历史遗迹; 交通枢纽,轮渡候船厅; 历史陈列馆,江边,腰包; 小包,,够亮眼,,,,,,大爱,,历史,,Positive,愉悦/开心; 兴趣/好奇,中/一般,否,,走一走(个人),,,值得去,否,,[轮渡候船厅] -> [变成了历史陈列馆],[大爱] -> [愉悦/开心],[愉悦/开心] -> [值得去],[江边] -> [放松/平静],[历史陈列馆] [是以前的] [轮渡候船厅],,推荐周末去江边走走(行为/意图)，以前的轮渡候船厅(地点/人造特征)变成了历史陈列馆(空间特征)，表达了对亮眼小包的喜爱(认知美学/情感)。
entry_6,浦口火车站始建于1908年，距今已有百年历史，是津浦线上重要交通枢纽 🎉中国唯一保存民国特色的火车站 🎉中国唯一完整保留历史风貌的百年老火车站 🎉被列为中国最文艺的九个火车站之一 《背影》 朱自清和父亲在这里告别 《金粉世家》 金燕西和冷清秋在这里错过 《情深深雨蒙蒙》 依萍和书桓在这里难舍难分 现在这里有哪些逛的⏬⏬⏬ 浦口火车站街区 南京北站旧址 浦口码头 观江平台 📍浦口火车站街区 民国建筑风格，十分适合拍照打卡 复古文艺范的路牌、店招.......瞬间穿越百年 长椅上，一包橘子小品装饰，旁边真的有颗橘子树啊 纯逛半小时，拍照要一天，真的每一处都很出片 📍南京北站旧址 雨廊、月台、售票房、候车大楼......自带岁月感 📍浦口码头 可坐轮渡到中山码头，在市区过来的朋友可以体验一下。嗯，就是味道不怎么好闻，毕竟不是观光，就是交通工具,浦口火车站; 南京北站; 浦口码头; 中山码头; 观江平台,历史遗迹; 交通枢纽; 商业设施; 地标/空间节点,火车站; 街区; 南京北站旧址; 浦口码头; 观江平台; 民国建筑; 路牌; 店招; 长椅; 橘子小品装饰; 雨廊; 月台; 售票房; 候车大楼; 轮渡,橘子树; 味道,民国建筑风格; 复古文艺范的路牌; 店招; 橘子小品装饰; 橘子树; 雨廊; 月台; 售票房; 候车大楼,味道不怎么好闻,复古文艺范; 很出片; 自带岁月感,,,味道不怎么好闻,,可坐轮渡; 交通工具,民国特色; 历史风貌; 最文艺; 民国建筑风格; 复古文艺范; 很出片; 自带岁月感,文艺; 瞬间穿越百年; 岁月感,百年历史; 民国特色; 百年老火车站; 文艺; 《背影》; 《金粉世家》; 《情深深雨蒙蒙》; 历史风貌,,Positive,兴趣/好奇; 愉悦/开心; 怀旧/温馨; 厌恶,中/一般,否,与朋友,逛(个人); 拍照打卡(个人); 坐轮渡(个人),,纯逛半小时，拍照要一天,可以体验一下,否,十分适合拍照打卡; 每一处都很出片,[民国建筑风格] -> [适合拍照打卡/复古文艺范]; [南京北站旧址] -> [自带岁月感]; [浦口码头] -> [味道不怎么好闻],[文艺/复古] -> [兴趣/好奇]; [很出片] -> [愉悦/开心]; [味道不好闻] -> [厌恶],[兴趣/好奇] -> [逛/拍照],[浦口火车站] -> [怀旧/温馨],[浦口码头] [可以坐轮渡到] [中山码头],[浦口火车站] -> [《背影》《金粉世家》《情深深雨蒙蒙》取景地],介绍了浦口火车站(地点)及其周边街区、南京北站旧址、浦口码头(地点)，强调其百年历史、民国特色和文艺氛围(认知意义/氛围)，适合拍照打卡且很出片(认知美学/行为)，提及可坐轮渡但味道不好闻(认知功能/感官)，引发怀旧和愉悦情感(情感)，建议体验(行为意图)。
entry_7,📍：中山码头 南京市鼓楼区中山北路643号 🎫：轮渡2元人 （支付宝公交卡） ⏰：每半小时出发一班 晚上7.00截止 🚢：中山码头浦口码头南京北站中山码头 ▫中山码头轮渡 在中山码头 乘坐轮船即可 轮船一般是3层 第1层可以停放电动车 第2层有座位 第3层是甲板 （去第3层的甲板需要10元） ‼一定要算好时间 每半小时发1次轮船 ▫浦口码头南京北站 乘坐10分钟左右就到浦口码头 下船后就能看到南京北站 南京北站的故事真的很丰富 朱自清父亲的背影 情深深雨濛濛的取景地 ▫日落 最近白天变长 日落要17.30以后才能出现 我们选择的是17.30的轮渡 登上了甲板 风景真的很美很美 甲板上也很适合拍照 夕阳就像橘子海一样 💡2元是单次单人 不是全程 💡人很多 建议规划好时间 选择最佳位置,中山码头; 浦口码头; 南京北站,交通枢纽; 历史遗迹; 地标/空间节点,"轮渡; 轮船 (3层: 电动车停放区, 座位区, 甲板); 南京北站",日落; 夕阳; 风景,风景; 夕阳; 橘子海,,真的很美很美; 像橘子海一样,,,,下船后就能看到南京北站,可停放电动车; 有座位; 需额外付费 (甲板); 班次固定 (半小时); 时间有限 (晚上7点截止); 价格便宜 (2元),真的很美很美; 很适合拍照,浪漫,故事真的很丰富; 朱自清父亲的背影; 情深深雨濛濛的取景地,人很多,Positive,愉悦/开心; 惊叹/敬畏; 兴趣/好奇,强/高,否,我们,乘坐轮渡(集体); 登甲板(集体); 看风景(集体); 拍照(集体); 看日落(集体),,乘坐10分钟左右,建议规划好时间 选择最佳位置,否,很适合拍照,[甲板] -> [很适合拍照]; [风景] -> [真的很美很美]; [夕阳] -> [像橘子海一样],[真的很美很美] -> [愉悦/开心]; [真的很美很美] -> [惊叹/敬畏],[愉悦/开心] -> [拍照],[风景/夕阳/橘子海] -> [愉悦/开心],[中山码头] [轮渡连接] [浦口码头]; [浦口码头] [靠近] [南京北站],[南京北站] -> [朱自清背影/情深深雨濛濛取景地],在中山码头(地点)乘坐轮渡(行为)，体验了三层轮船(人造特征)，在甲板上欣赏了橘子海般的日落风景(自然/视觉特征)，感觉风景很美(认知美学)，很适合拍照(行为评价)，提及南京北站丰富的历史故事(认知意义)，但人很多需规划时间(认知人群/建议)。
entry_8,1下关火车遗址公园江豚观测站🐬中山码头浦口火车站中山码头 路线惊喜：可以看到江豚还有夕阳！ 2晚上再去玻璃栈道，有灯光能看到大桥🌉,下关火车遗址公园; 江豚观测站; 中山码头; 浦口火车站; 玻璃栈道; 长江大桥,公园/绿地; 历史遗迹; 交通枢纽; 地标/空间节点,下关火车遗址公园; 江豚观测站; 中山码头; 浦口火车站; 玻璃栈道; 灯光; 大桥,江豚; 夕阳,江豚; 夕阳; 灯光; 大桥,,,,,,,,惊喜,惊喜,,,Positive,愉悦/开心; 兴趣/好奇,中/一般,否,,观赏(个人),,,,否,,[江豚/夕阳] -> [惊喜],[惊喜] -> [愉悦/开心],,[江豚/夕阳] -> [愉悦/开心]; [灯光/大桥] -> [兴趣/好奇],,,推荐了一条游览路线(行为)，包括下关火车遗址公园、江豚观测站、中山码头、浦口火车站(地点)，惊喜在于可以看到江豚和夕阳(自然特征/情感/认知)，晚上再去玻璃栈道看灯光下的大桥(地点/人造特征/行为)。
entry_9,南京下关,下关,,,,,,,,,,,,,,,,Neutral,,,否,,,,,,否,,,,,,,,提及了南京下关(地点)。
entry_10,新街口的巷子里真的是处处是宝藏。 大锏银巷里竟然还藏有一个民国年代建筑遗存一金陵协和🧝♂学院。作为民国金陵女子🧝♂学院旧址，校园建筑风格很西洋，广场中央小天使叠层喷泉池是典型的巴洛克风格。 1美驻华大使司徒雷登（今牧心花园是其旧宅）曾在该校任教； 2张艺谋电影《金陵十三衩》曾在此地取景； 3这里是中国Steinway音乐基地； 🎻从上海路或中山东路切入巷弄里，曲径通幽，进去后又豁然开朗，整个环境闹中取静，非常闲适。 🌸在院子的前门入口，沿着草地的一整排无尽夏，汹涌蓬勃，色彩斑斓，是当季打卡的明星。 🎫门票：FREE 🚇交通：地铁一号线新街口站20号口出；地铁二号线上海路站2号口出 🗺关于我: 🐟一个思维跳跃到，和夏日湖面上的波光一样的双鱼 ❤爱电影喜欢旅游和认识有趣的人 🧏♂南京新房客 喜欢➕关注👍赞💗藏 户外薯 生活薯 本地薯 人文薯 艺术薯,新街口; 大锏银巷; 金陵协和学院; 金陵女子学院旧址; 牧心花园; 上海路; 中山东路,历史遗迹; 公园/绿地; 广场/开阔地,巷子; 建筑遗存; 学院; 校园建筑; 广场; 喷泉池; 旧宅; 音乐基地; 巷弄; 院子; 前门入口; 地铁站,草地; 无尽夏 (花); 湖面波光 (比喻),西洋风格; 巴洛克风格; 无尽夏; 汹涌蓬勃; 色彩斑斓,,西洋; 巴洛克风格; 曲径通幽; 豁然开朗; 汹涌蓬勃; 色彩斑斓,闹中取静,闲适,,曲径通幽; 豁然开朗,免费,宝藏; 西洋风格; 巴洛克风格; 汹涌蓬勃; 色彩斑斓; 打卡的明星,闹中取静; 非常闲适,民国年代; 金陵女子学院旧址; 司徒雷登; 《金陵十三衩》取景地; 中国Steinway音乐基地,闹中取静,Positive,愉悦/开心; 兴趣/好奇; 放松/平静,中/一般,否,独自,打卡(个人),,,喜欢,否,,[巷弄] -> [曲径通幽]; [进去后] -> [豁然开朗]; [环境] -> [闹中取静/非常闲适]; [无尽夏] -> [汹涌蓬勃/色彩斑斓/打卡的明星],[宝藏] -> [兴趣/好奇]; [闲适] -> [放松/平静]; [打卡的明星] -> [愉悦/开心],[兴趣/好奇] -> [打卡],[金陵协和学院] -> [兴趣/好奇],[金陵协和学院] [位于] [大锏银巷]; [大锏银巷] [位于] [新街口],[金陵协和学院] -> [《金陵十三衩》取景地],在新街口大锏银巷(地点)发现了金陵协和学院(地点/历史遗迹)，其西洋巴洛克风格的建筑(空间特征/认知美学)和盛开的无尽夏(自然特征/认知美学)是宝藏，环境闹中取静非常闲适(认知氛围/感官)，承载着民国历史和文化意义(认知意义)，适合打卡(行为)，让人感到愉悦和放松(情感)。
entry_11,虎门医院旧址创建于1930年，由门楼、医院主楼、商颂亭三部分构成，坐东南朝西北。医院主楼是一栋仿宫殿形式的两层建筑，正立面两侧各建有一座八角攒尖顶的塔楼，与主楼一体，整体建筑呈工字型，具有鲜明的折衷主义建筑风格。 朱执信纪念碑是为纪念在虎门殉难的中国近代资产阶级民主革命家朱执信先生而建的，抗日名将蒋光鼐发起捐资为其立碑。纪念碑于1931年重建，由民国政要胡汉民撰写碑铭和碑文。曾被破坏，1986年由虎门镇政府和海军医院修缮复原。,民国海军医院旧址,历史遗迹,门楼; 医院主楼; 商颂亭; 塔楼; 纪念碑; 碑铭; 碑文,,仿宫殿形式; 两层建筑; 八角攒尖顶; 工字型; 折衷主义建筑风格,,仿宫殿形式; 折衷主义建筑风格,,,,坐东南朝西北,,鲜明的折衷主义建筑风格; 修缮复原,,1930年创建; 纪念朱执信先生; 抗日名将蒋光鼐; 民国政要胡汉民; 曾被破坏; 修缮复原,,Neutral,,,否,,,,,,否,,[医院主楼] -> [鲜明的折衷主义建筑风格]; [纪念碑] -> [纪念朱执信先生],,,,,,介绍了民国海军医院旧址(地点)的构成(门楼、主楼、商颂亭)和建筑风格(人造特征/认知美学)，以及朱执信纪念碑的历史和意义(人造特征/认知意义)。
entry_12,浪漫的是落日是晚风，是甲板对面的南京长江大桥,南京长江大桥,地标/空间节点; 交通枢纽,甲板; 南京长江大桥,落日; 晚风,落日; 南京长江大桥,晚风,,,,,,,浪漫,浪漫,,,Positive,愉悦/开心; 放松/平静; 浪漫/温馨,中/一般,否,,观景(个人),,,,否,,[落日/晚风/南京长江大桥] -> [浪漫],[浪漫] -> [愉悦/开心]; [浪漫] -> [浪漫/温馨],,[落日/晚风/南京长江大桥] -> [浪漫/温馨],[南京长江大桥] [位于] [甲板对面],,在甲板上(地点)，看到落日、感受到晚风、远眺南京长江大桥(空间特征)，觉得很浪漫(认知氛围/情感)。
entry_13,试过了，南京长江大桥要门票的。100块，送一张高清合影。,南京长江大桥,地标/空间节点; 交通枢纽,南京长江大桥; 门票,,高清合影,,,,,,,要门票 (100块),,,,,Neutral,,,否,独自,尝试进入(个人),,,,否,,[南京长江大桥] -> [要门票],,,,,,尝试后发现去南京长江大桥(地点)需要购买100元门票(认知功能)，会赠送高清合影(行为)。
entry_14,🌊南京也有自己的海岸线？周末打卡浦口码头，轮渡直达中山码头，一路逛了扬子江生态公园、民国机电厂遗址、民国海军医院遗址，仿佛置身海边！🌅 📸 拍照圣地：扬子江生态公园的江景无敌，随手一拍就是大片！民国机电厂遗址和海军医院遗址更是充满了历史感，仿佛穿越回了那个年代。 🚢 轮渡体验：从浦口码头到中山码头的轮渡，吹着江风，看着两岸的风景，心情瞬间放松下来。江风拂面，仿佛真的在海边度假！ 💡 小贴士：建议傍晚时分去，夕阳下的江景更加迷人，拍照效果也更好哦！ 📍 地址：南京市浦口区浦口码头 快来南京的海岸线打卡吧，感受不一样的江边风情！🌊✨,浦口码头; 中山码头; 扬子江生态公园; 民国首都电厂旧址公园; 民国海军医院旧址,交通枢纽; 公园/绿地; 历史遗迹; 滨水区域,浦口码头; 轮渡; 中山码头; 扬子江生态公园; 民国机电厂遗址; 民国海军医院遗址,江景; 江风; 两岸风景; 夕阳,江景; 大片; 两岸风景; 夕阳,江风,无敌; 大片; 迷人,,放松; 江风拂面,,,轮渡直达,江景无敌; 随手一拍就是大片; 迷人; 拍照效果更好,仿佛置身海边; 仿佛穿越回了那个年代; 放松; 仿佛真的在海边度假; 不一样的江边风情,历史感,,Positive,愉悦/开心; 放松/平静; 兴趣/好奇; 怀旧/温馨,强/高,否,独自,打卡(个人); 坐轮渡(个人); 逛(个人); 拍照(个人); 看风景(个人),,,建议傍晚时分去; 快来...打卡吧,否,随手一拍就是大片,[扬子江生态公园江景] -> [无敌/大片]; [民国遗址] -> [历史感/仿佛穿越]; [江风/两岸风景] -> [放松/像海边度假],[放松] -> [放松/平静]; [大片/迷人] -> [愉悦/开心]; [历史感/穿越感] -> [怀旧/温馨],[愉悦/放松] -> [打卡/推荐],[江风] -> [放松/平静],[轮渡] [从] [浦口码头] [到] [中山码头],,在浦口码头(地点)及周边(扬子江公园、民国遗址)，通过坐轮渡、逛公园(行为)，体验到无敌的江景和历史感(空间特征/认知美学/意义)，感觉仿佛置身海边、穿越时空(认知氛围)，心情放松愉悦(情感)，并推荐傍晚去拍照打卡(行为意图)。
entry_15,属于我娃的背影 老公悄咪咪发的朋友圈 （他说不删 也没屏蔽父母和亲戚） 朱自清爸爸买🍊 我效仿 结果被挂住了 老公第一反应不是救我 他拿出了相机 拍了好久 还是我的娃说：妈妈我来救你 自己看图都笑死了了 还有很多人路过 好社死 不知道有没有被别人拍下来,浦口火车站,历史遗迹; 交通枢纽,相机,橘子,背影; 橘子,,,笑死了,被挂住了,,,,,社死,朱自清爸爸买橘子,很多人路过,Mixed,愉悦/开心; 挫败/烦恼; 尴尬 (未在列表中，归为挫败/烦恼),中/一般,否,"与家人 (老公, 娃)",模仿 (个人); 拍照 (集体); 救助 (集体),老公拍照不救助; 娃说要救妈妈; 自己看图笑死; 被路人围观,拍了好久,,否,笑死了; 好社死,,[社死] -> [挫败/烦恼]; [看图] -> [愉悦/开心],,,,[模仿朱自清爸爸买橘子] -> [被挂住],在疑似浦口火车站(地点)，模仿朱自清爸爸买橘子(行为/认知联想)时被挂住(行为)，老公拍照不救助，最后被娃解救(社交互动)，感觉又好笑又社死(情感/活动评价)，且被很多人围观(认知人群)。
entry_16,2025315 阴转小雨 510 空气质量:87良 南航研一骑行记 骑行人员：咸鱼 骑行序：晨起特遣八时，察天气报，见天将持续降雨，遂复眠。至午时十二，忽觉雨已止，遂启程骑行。至二十里，骤雨忽至，连绵不绝，至五十里始歇。前无村落，后无店肆，唯有继续前行。雨水浸身，化作落汤之鸡，况老山崎岖，坡道陡峭，湿滑泥泞，且多弯道，难以加速。以我弱腿，行此艰难，实为力不从心。是以，名此行:落汤鸡之旅。 骑行路线图： p1:明故宫中山码头浦口码头老山路线(详见p2)，小雨天气被老山大坡征服(以后老老实实骑江心洲吧)。行程总时长包含晚饭时间约2h＋(小红书上很火的黔多多烙锅p14，等位1h p15，干饭1h) p2:本次环老山路线图，际刻骑行app，路书编号:10131011际刻骑行 中山浦口码头时刻表、价格( 注意分工作日和周末！) p3: 工作日时刻 p4: 周末时刻 (建议提前10分钟到达渡口) p5:人2r，如果有车一共3r，可用支付宝出行公交码支付 PS:比不能用公交码的燕子矶渡口强多了！ 照片拍摄位置 p6、p7:中山码头浦口码头 p8:浦口火车站近代风貌区内，距离浦口码头200米 p9:老山外环线照片 p10:老山九龙湖北侧 p11:我爱南京立牌 老山九龙湖 p12:老山隆兴寺前方道路，由于后面再度下雨🌧基于赶渡船，未给隆兴寺拍照 p13:成功坐上18:30的返程渡船 晚饭时刻(p15)： 南记黔多多贵州酸汤火锅烙锅(红庙店) 总结：最近小红书上总刷到的烙锅，大家一定一定要美团提前排队！否则就像(p16)的我，等位36桌排了67min。味道中等偏上，分量可以，两个人吃的美团158套餐(p17) 碎碎念：路书10131011中的环老山骑行路线90路段是接连的上下坡，狠狠的练腿了，建议大家选择晴天骑行，不喜欢山路骑行的请谨慎前往。,明故宫; 中山码头; 浦口码头; 老山; 江心洲; 燕子矶渡口; 浦口火车站; 老山九龙湖; 老山隆兴寺; 红庙,历史遗迹; 交通枢纽; 公园/绿地; 商业设施,中山码头; 浦口码头; 渡口; 支付宝公交码; 燕子矶渡口; 浦口火车站; 风貌区; 老山外环线; 我爱南京立牌; 老山隆兴寺; 道路; 渡船; 黔多多烙锅; 美团,阴转小雨; 降雨; 骤雨; 雨水; 老山; 坡道; 泥泞; 弯道; 九龙湖; 天气,照片; 立牌,小雨; 骤雨; 雨水浸身; 湿滑; 泥泞; 天气,,,雨水浸身; 落汤之鸡; 崎岖; 陡峭; 湿滑泥泞; 难以加速; 艰难; 力不从心; 上下坡; 练腿,,多弯道; 崎岖; 陡峭; 湿滑泥泞,可用支付宝支付; 比燕子矶强多了; 需提前排队 (餐厅),味道中等偏上; 分量可以,艰难; 力不从心; 落汤鸡之旅,南航研一骑行记,等位36桌,Negative,挫败/烦恼,中/一般,否,独自,骑行(个人); 睡觉(个人); 坐渡船(个人); 吃饭(个人); 等位(个人),,行程总时长约2h+; 等位1h; 干饭1h,以后老老实实骑江心洲吧; 建议提前10分钟到达渡口; 一定一定要美团提前排队; 建议大家选择晴天骑行; 谨慎前往,是 (因天气预报复眠; 因下雨未给隆兴寺拍照),艰难; 力不从心; 落汤鸡之旅; 狠狠的练腿了,[老山坡道] -> [崎岖/陡峭]; [雨天路面] -> [湿滑泥泞]; [支付宝支付] -> [方便/比燕子矶强],[艰难/力不从心] -> [挫败/烦恼],[挫败/烦恼] -> [以后老老实实骑江心洲吧/建议晴天骑行/谨慎前往],[雨水浸身/落汤之鸡] -> [挫败/烦恼],[浦口火车站] [距离200米] [浦口码头],[小雨天气] -> [被老山大坡征服],记录了一次从明故宫经中山码头、浦口码头至老山的骑行(行为/地点)，因雨天和老山路况(崎岖、陡峭、湿滑)(自然/空间特征/认知易读性)，骑行过程艰难，感觉力不从心(活动评价/情感)，被称为“落汤鸡之旅”(认知氛围)，建议晴天骑行并谨慎选择山路(行为意图)。晚餐在红庙吃了烙锅，需排长队(行为/地点)。
entry_17,🚞如果多一张车票，你会不会跟我走🎫 南京下关火车主题公园，是长江边上的一个火车主题园，其原型是2012年停止运营的南京西站，也是南京最早的火车站。园内有两节绿皮车厢可以上去拍照，复古车站，复古车轨和座椅，建议着复古风的衣服拍写真。日落的时候，夕阳照射进车厢里投射出橘黄色的光斑，真的美哭了！日落之后，路灯照进来又是不一样的光影效果。 旁边就是长江，可以下到江边拍夕阳剪影，日落的光线超级美，很多新人在这边拍婚纱照，不远处就是南京长江大桥，可以看到真正的绿皮火车驶过。 地址：南京市鼓楼区老江口 地铁3号线上元门站2号口，出站后换乘12路公交至宝塔桥，然后步行900米，或者出地铁站后打车前往 门票：免费,下关火车主题公园; 南京西站; 长江; 南京长江大桥; 上元门站; 宝塔桥,公园/绿地; 历史遗迹; 交通枢纽; 滨水区域; 地标/空间节点,火车主题园; 南京西站; 绿皮车厢; 复古车站; 复古车轨; 座椅; 路灯; 江边; 南京长江大桥; 绿皮火车; 地铁站; 公交; 出入口,长江; 日落; 夕阳; 光斑; 光影; 光线,绿皮车厢; 复古车站; 复古车轨; 座椅; 夕阳; 橘黄色光斑; 光影效果; 夕阳剪影; 光线; 绿皮火车; 南京长江大桥,,复古; 橘黄色; 美哭了; 不一样的光影效果; 超级美,,,,旁边就是长江; 不远处就是南京长江大桥,可以上去拍照; 可以下到江边; 免费,复古; 美哭了; 不一样的光影效果; 超级美,复古,原型是南京西站; 南京最早的火车站,很多新人拍婚纱照,Positive,愉悦/开心; 惊叹/敬畏; 浪漫/温馨; 怀旧/温馨,强/高,否,,拍照(个人); 拍写真(个人); 拍夕阳剪影(个人); 拍婚纱照(集体); 观景(个人),看到很多新人在这边拍婚纱照,,建议着复古风的衣服,否,,[绿皮车厢/车站/车轨/座椅] -> [复古]; [夕阳/光斑/光影/光线] -> [美哭了/超级美],[美哭了/超级美] -> [愉悦/开心]; [美哭了/超级美] -> [惊叹/敬畏]; [复古] -> [怀旧/温馨],[愉悦/开心] -> [拍照],[夕阳/橘黄色光斑] -> [浪漫/温馨],[下关火车主题公园] [位于] [长江边上]; [长江] [位于] [公园旁边]; [南京长江大桥] [位于] [公园不远处],,在下关火车主题公园(地点)，其原型是南京西站(认知意义)，园内有绿皮车厢、复古车站和车轨(空间特征)，日落时夕阳和光影效果很美(自然/视觉特征/认知美学)，可以在江边拍剪影，看到长江大桥和绿皮火车(空间特征/行为)，整体氛围复古浪漫(认知氛围/情感)，适合拍照(行为)，吸引了新人拍婚纱照(认知人群)。
entry_18,"🚋浦口火车站, 时光的见证者, 等你来探寻。每一砖每一瓦, 都承载着历史的厚重, 带你穿越时空的隧。🚦 浦口火车站旧址位于南京市浦口区，始建于清光绪三十四年（1908年），占地面积20公顷，被列为中国最文艺的九个火车站，是全国重点文物保护单位。 民国三年（1914年），浦口火车站正式开通运营，是连接平津冀鲁豫皖等11省的重要交通枢纽；1968年10月，随着南京长江大桥通车，浦口火车站停办客运；1985年，恢复部分客运，并更名为南京北站，站场货运业务不断扩大，站场规模不断扩建；2004年10月，停办客运。1 2013年3月5日，浦口火车站旧址被中华人民共和国国务院公布为第七批全国重点文物保护单位。🌈 📸 建筑特点🛤 浦口火车站，为老式英式建筑，三层砖木结构，米黄色外墙，红色大屋顶。伸出直通月台的单柱伞形长廊和连接轮渡码头的拱形雨廊，连接着一座3层米黄色的主楼，红色的屋顶上写着南京北站四个大字，主楼正对面的广场上还有一座专门为纪念孙中山先生灵柩停放处所建的中山停灵台。 浦口火车站的特点就在于候车大楼、月台、雨廊、售票房、贵宾楼、高级职工宿舍等主体及配套建筑，都被系统性地保存下来。房屋顶是青灰色的机平瓦，外立面是土黄色的水泥砂浆粉刷，具有类似小二楼别墅的形制。浦口火车站建筑中的月台、雨廊等附属建筑，采用了钢筋混凝土的结构。 🎆网红景点🎇 🕹浦口火车站旧址：百年老站，是朱自清笔下的背影，是情深深雨濛濛的月台，复古风情满满，拍照秒出大片📸！站台、铁轨、仓库、老式车厢，每一处都是历史的痕迹！ 🕹大马路民国风情街：街道两旁的建筑保留了民国时期的风格，漫步其中，仿佛置身于老电影场景中🎬。 🕹 大马路市集：春节期间，各种地方特色小吃、手工艺品、复古小饰品，各类花式花灯。📷 🚇交通出行:🚇可以选择乘坐地铁3号线到柳州东路站，然后转乘公交；或者乘坐 S8 号线到毛纺厂路站转公交；如果想体验独特的过江方式，也可以导航至中山码头，乘坐轮渡前往浦口码头，票价 2 元。🚢",浦口火车站; 南京北站; 中山停灵台; 大马路; 中山码头; 浦口码头,历史遗迹; 交通枢纽; 商业设施; 地标/空间节点; 广场/开阔地,火车站; 砖; 瓦; 建筑; 外墙; 屋顶; 月台; 长廊; 雨廊; 主楼; 广场; 中山停灵台; 候车大楼; 售票房; 贵宾楼; 高级职工宿舍; 房屋顶; 外立面; 钢筋混凝土结构; 站台; 铁轨; 仓库; 老式车厢; 大马路; 民国风情街; 市集; 花灯; 地铁站; 公交; 轮渡,,英式建筑; 米黄色外墙; 红色大屋顶; 单柱伞形长廊; 拱形雨廊; 青灰色机平瓦; 土黄色水泥砂浆粉刷; 小二楼别墅形制; 复古风情; 民国时期风格; 老电影场景; 花灯,,老式英式; 米黄色; 红色; 青灰色; 土黄色; 复古风情; 秒出大片,,,,,系统性地保存下来; 票价2元 (轮渡),最文艺; 英式建筑; 复古风情满满; 拍照秒出大片; 民国时期风格,时光的见证者; 历史的厚重; 穿越时空; 文艺; 复古风情; 仿佛置身于老电影场景中,时光的见证者; 历史的厚重; 清光绪三十四年始建; 最文艺; 全国重点文物保护单位; 重要交通枢纽; 南京北站; 纪念孙中山先生灵柩停放处; 百年老站; 朱自清笔下的背影; 情深深雨濛濛的月台; 历史的痕迹; 民国时期风格,,Positive,兴趣/好奇; 怀旧/温馨; 敬畏/惊叹,中/一般,否,,探寻(个人); 拍照(个人); 漫步(个人); 逛市集(个人); 乘坐轮渡(个人),,,等你来探寻,否,拍照秒出大片,[浦口火车站建筑] -> [英式/文艺/复古/历史感]; [大马路建筑] -> [民国风格/像老电影],[历史的厚重/百年老站/背影/月台] -> [怀旧/温馨]; [文艺/复古] -> [兴趣/好奇]; [时光见证者] -> [敬畏/惊叹],[兴趣/好奇] -> [探寻/拍照/漫步],[浦口火车站] -> [怀旧/温馨],[中山停灵台] [位于] [主楼正对面广场],[浦口火车站] -> [朱自清《背影》/《情深深雨濛濛》发生地],介绍了浦口火车站(地点)作为时光见证者(认知意义)，其英式建筑风格(空间特征/认知美学)和承载的历史厚重感(认知意义/氛围)，是文艺复古的网红景点(认知氛围/美学)，适合拍照(行为)，并介绍了周边的大马路民国风情街和市集(地点)，以及多种交通方式(行为)，整体充满怀旧与好奇感(情感)。
entry_19,小时候住在下关区，经常会来到桥下顺着楼梯马上去来到桥边看车水马龙，后来搬走了，也已经很多年不曾来过 如今再来南京长江大桥，发现变化真大，桥已经不能再爬，桥下的绿草地也挤满了加起来遛娃的家长们，还有的支个帐篷来露营，春日的午后好不惬意！ 在走两步就到了下关西主题公园，过两条街就是中山码头，坐轮渡可以到达浦口，傍晚来坐船还可以看到夕阳🌇,下关区; 南京长江大桥; 下关火车主题公园; 中山码头; 浦口,地标/空间节点; 公园/绿地; 交通枢纽,桥 (长江大桥); 楼梯; 桥边; 帐篷; 下关西主题公园; 中山码头; 轮渡,绿草地; 春日; 午后; 夕阳,车水马龙; 绿草地; 帐篷; 夕阳,春日午后,,,惬意,,桥下; 桥边; 在走两步就到了; 过两条街就是,桥已经不能再爬; 可以坐轮渡到达浦口,,惬意,小时候; 很多年不曾来过; 变化真大,挤满了遛娃的家长们,Mixed,怀旧/温馨; 愉悦/开心; 放松/平静; 些许失望 (桥不能爬),中/一般,否,独自,看车水马龙(个人); 遛娃(集体); 露营(集体); 坐轮渡(个人); 看夕阳(个人),看到家长遛娃、有人露营,,,否,惬意 (露营/午后),[桥下绿草地] -> [惬意],[惬意] -> [放松/平静]; [变化真大/不能爬桥] -> [怀旧/失望],,[春日午后/绿草地] -> [放松/平静]; [夕阳] -> [愉悦/开心],[下关西主题公园] [临近] [南京长江大桥]; [中山码头] [临近] [下关西主题公园]; [中山码头] [轮渡连接] [浦口],[小时候] -> [常来桥下],重访儿时常去的南京长江大桥下(地点/认知联想)，发现变化大，桥不能爬了(认知功能)，但桥下绿草地挤满遛娃露营的人(认知人群/行为)，春日午后感觉惬意(认知氛围/情感)，附近还有下关火车公园和中山码头(地点)，可坐轮渡看夕阳(行为/空间特征)。
entry_20,2004年还是普铁时代，南京西站仍然在办理客运，并且客流旺盛。江边路的下关长途汽车站仍在使用，2004年时长途客运仍然有较大市场。2012年，南京西站和下关长途汽车站关闭（停办客运业务）。2004年时，长江客运航运业务已日渐凋零，南京港客运码头在2004年关闭。中山码头以北至长江大桥设置着近8、9个各种用途的码头，2014年建设长江滨江风光带，将中山码头以北各码头全部拆除。 2004年江边路北端仅到龙江路，如今已经延伸到了南京长江大桥。惠民大道一年后2005年改名为郑和中路，如今又在建设隧道。下关电厂2009年搬迁后，原本占地巨大的地块进行了大规模路网细化调整，2021年新建了下关大街。鲜鱼巷、永宁街、宝善街、商埠街等，在2010年后的下关大拆迁中面目全非，几乎消失。下关商业中心的热河路受到外部原因影响，如今成为文艺青年热门打卡地。 图、文：下关往事工作室,南京西站; 江边路; 下关长途汽车站; 南京港客运码头; 中山码头; 长江大桥; 长江滨江风光带; 龙江路; 惠民大道; 郑和中路; 下关电厂; 下关大街; 鲜鱼巷; 永宁街; 宝善街; 商埠街; 热河路,交通枢纽; 历史遗迹; 商业设施; 滨水区域; 路径/步道,南京西站; 江边路; 下关长途汽车站; 南京港客运码头; 中山码头; 长江大桥; 码头; 长江滨江风光带; 龙江路; 惠民大道; 郑和中路; 隧道; 下关电厂; 地块; 路网; 下关大街; 鲜鱼巷; 永宁街; 宝善街; 商埠街; 热河路; 商业中心,长江,,,,,,,中山码头以北至长江大桥; 江边路北端仅到龙江路; 如今已经延伸到了南京长江大桥,办理客运; 客流旺盛; 仍在使用; 关闭; 停办客运业务; 日渐凋零; 拆除; 延伸; 建设隧道; 搬迁; 路网细化调整; 新建; 大拆迁; 面目全非; 几乎消失,,文艺青年热门打卡地,普铁时代; 下关往事; 历史变迁,客流旺盛; 文艺青年热门打卡地,Neutral,怀旧/温馨,弱/低,否,,打卡(集体),,,,否,,[热河路] -> [文艺青年热门打卡地],[下关往事/历史变迁] -> [怀旧/温馨],,,[码头] [设置在] [中山码头以北至长江大桥]; [江边路北端] [在2004年止于] [龙江路]; [江边路] [如今延伸至] [南京长江大桥],[时间变化] -> [地点功能/样貌变化 (关闭、拆除、新建、消失)],回顾了2004年至今南京下关区域的变迁(认知联想)，包括南京西站、下关长途汽车站、多个码头的关闭或拆除(地点/认知功能)，道路的延伸和新建(江边路、下关大街)(空间特征/认知功能)，以及老街巷的消失和热河路成为打卡地(地点/认知功能/认知氛围)，体现了城市发展的历史印记(认知意义)。
entry_21,中山码头非常好的地方，坐轮渡过长江，基本都是20分钟一班，中午11点到下午2点是一小时一班，刷公交卡或者买票就是两块钱，公交车坐到中山码头下来就可以看到了，想起若干年前去香港🇭🇰让游客看江景坐的就是这种轮渡船🚢，破破烂烂的，比南京这里差远了！,中山码头; 香港,交通枢纽; 滨水区域,中山码头; 轮渡; 公交卡; 票; 公交车; 轮渡船,长江; 江景,江景; 轮渡船 (南京 vs 香港),,破破烂烂 (香港),,,,公交车坐到中山码头下来就可以看到了,方便 (20分钟/1小时一班); 便宜 (2元); 可刷卡/买票; 易达 (公交),非常好的地方; 比南京这里差远了 (对比香港轮渡),,想起若干年前去香港,,Positive,愉悦/开心; 怀旧/温馨; 自豪/归属感,中/一般,否,独自,坐轮渡(个人); 看江景(个人); 坐公交车(个人),,,,否,,[中山码头] -> [非常好的地方]; [南京轮渡] -> [比香港好],[非常好的地方] -> [愉悦/开心]; [比香港好] -> [自豪/归属感],,[坐轮渡过长江] -> [愉悦/开心],,[中山码头轮渡] [联想到] [香港轮渡],认为中山码头(地点)是非常好的地方(认知美学)，乘坐轮渡方便便宜(行为/认知功能)，可以看江景(行为)，并联想到香港轮渡，觉得南京的更好(认知美学/情感)。
entry_22,我去买几个橘子，你站在这里，不要走动。 周末刷到浦口火车站历史风貌区开街的推文，就开车带闺女去逛逛打个卡，这一去逛下来的体验真的不咋地～吐槽几句 1、交通 我们按照高德导航开车过去，排了很长的队，终于已经到了距离景点差不多一公里多的地方，前面车纷纷掉头，原因是交通管制，交警说掉头从另外道路过去，我们不得不绕道一大圈，到达景区外又开始排队进停车场。逛完后出景区又是绕了一大圈才出景区，因为新开景点，估计交通停车目前跟不上节奏。 2、吃喝 逛景点溜娃，除了逛就是吃喝，目前景区几乎没几个像样的店，只有道路边摆的临时小吃摊位，看起来也没有啥食欲，这方面真的需要改进。 3、建筑 改造后的风貌区只能说还行，很多想还原老场景的施工做法，没有做到修旧如旧的味道，都是崭新的，感觉上差一点，拍照也没有历史风貌区的感觉，倒像是影视城，大马路大门两侧更是如此。 4、施工围挡 靠近浦口火车站站房时，被围挡挡住，保安就是不让过去，但是外面有很多从中山码头过来的游客却可以直接进到站房广场，这个管理就很无语。 5、网红的轨道月台区域不能进 多年前带孩子去，还可以进入到火车轨道区域拍照，挺文艺，现在反而进不去，不知道什么时候才能全部开放。 新开的景点，还是需要点时间去完善。希望越来越好！,浦口火车站; 中山码头,历史遗迹; 交通枢纽; 商业设施,历史风貌区; 高德导航; 道路; 交通管制; 停车场; 景区; 店; 小吃摊位; 建筑; 风貌区; 施工做法; 大马路大门; 施工围挡; 站房; 广场; 轨道; 月台,橘子,崭新; 影视城,,崭新; 像影视城,,排长队; 绕道; 排队,没有啥食欲,绕道一大圈; 绕了一大圈,交通管制; 停车跟不上节奏; 没几个像样的店; 小吃摊位没食欲; 管理无语 (围挡); 轨道月台不能进,不咋地; 还行; 没有修旧如旧的味道; 崭新; 感觉差一点; 没有历史风貌区的感觉; 像影视城; 挺文艺 (以前),不咋地; 感觉差一点,我去买几个橘子; 历史风貌区; 老场景; 多年前,排了很长的队; 很多游客,Negative,挫败/烦恼; 失望,中/一般,否,与家人 (闺女),开车(集体); 逛逛(集体); 打卡(集体); 排队(集体); 掉头(集体); 绕道(集体); 停车(集体); 溜娃(集体),,,吐槽; 需要改进; 希望越来越好,是 (因交通管制绕道),体验真的不咋地,[交通] -> [管制/排队/绕道/跟不上节奏]; [吃喝] -> [没像样店/没食欲]; [建筑] -> [没修旧如旧/崭新/像影视城]; [管理] -> [无语]; [轨道月台] -> [不能进],[不咋地/交通不便/吃喝不行/管理无语/不能进] -> [挫败/烦恼]; [没修旧如旧/像影视城] -> [失望],[失望/烦恼] -> [吐槽/希望改进],,,[新开景点] -> [交通停车跟不上/需要完善],周末带家人开车去新开的浦口火车站历史风貌区(行为/地点)，体验不佳(情感/评价)，吐槽交通管制、排队、绕路(认知功能)，景区餐饮缺乏、小吃没食欲(认知功能)，建筑改造崭新缺乏历史感像影视城(认知美学)，且管理混乱、核心区域如轨道月台不能进入(认知功能)，感到失望和烦恼(情感)，希望景区能改进完善(行为意图)。
entry_23,这是南京非常火🔥的旅游线路之一 码头线路：中山码头浦口码头 这条线路有太多历史 所以非常出名 晚上看江两岸夜景 霓虹灯闪烁 江风徐徐 . ⭕码头运营时间表：6:0019:00。 周一至周五6:007:00、9:0017:00，每60分钟一班8:009:00、17:0019:00，每30分钟一班。 周六至周日休息日6:0019:00，每60分钟一班。 . 📍浦口码头 🎫船票2r（可以支付宝公交卡） . ⭕周边可以逛： 老浦口火车站遗址：朱自清背影写的就是这里 浦口公园 大喜馄饨 . 👩🎓关于我： ✅一个喜欢野路子小众景点的十八线摄影旅行爱好者，立志看遍祖国大好河山 ✅金融打工人 💝感谢喜关注赞收藏,中山码头; 浦口码头; 老浦口火车站遗址; 浦口公园,交通枢纽; 历史遗迹; 公园/绿地; 滨水区域,码头线路; 中山码头; 浦口码头; 霓虹灯; 船票; 支付宝公交卡; 老浦口火车站遗址; 浦口公园; 大喜馄饨 (店名),江两岸; 夜景; 江风,夜景; 霓虹灯闪烁,江风徐徐,霓虹灯闪烁,,江风徐徐,,,运营时间固定; 班次不同 (工作日/周末); 票价便宜 (2元); 可用支付宝,非常火; 非常出名,,太多历史; 朱自清背影写的就是这里,,Positive,兴趣/好奇; 愉悦/开心,中/一般,否,,看夜景(个人); 逛(个人),,,,否,,[码头线路] -> [非常火/非常出名]; [老浦口火车站遗址] -> [朱自清背影写的就是这里],[非常火/非常出名] -> [兴趣/好奇],,[江风徐徐] -> [放松/平静]; [夜景/霓虹灯] -> [愉悦/开心],[老浦口火车站遗址/浦口公园] [位于] [浦口码头周边],,介绍了中山码头到浦口码头这条非常火的旅游线路(地点/认知美学)，因其丰富的历史而出名(认知意义)，晚上可看闪烁的霓虹灯夜景，感受徐徐江风(空间特征/感官体验)，并提供了轮渡运营时间和周边可逛地点(认知功能/行为)。
entry_24,上元门观江平台西邻尚未搬迁的金陵船厂老厂区，东望幕府山，是滨江风光带下关段的断点。 观江平台起于地铁3号线上元门站3号口，止于江边堤顶路绿道，全长213米，临江面宽90.9米，最高处14.5米。 观江平台结合达摩一苇渡江的传说，设计了3组曲折而上的平台，既像江面上的一叶扁舟，又似栖息于岸边的凤凰。 观江平台共设置6个上下出入口，配置1部垂直电梯，游客在平台尽头可利用台阶进入滨江绿道。在平台入口开放式台阶前，将打造面向城市界面的市民舞台，地面与桥面设计多变灯光秀，烘托出一处滨江新景观。 2024年底上元门观江平台建成后，下关滨江风光带将实现从三汊河至上元门长达7.3公里的基本闭合，并向东与五马渡无缝衔接。,上元门观江平台; 金陵船厂; 幕府山; 滨江风光带下关段; 上元门站; 滨江绿道; 三汊河; 五马渡,地标/空间节点; 滨水区域; 公园/绿地; 交通枢纽,观江平台; 金陵船厂老厂区; 滨江风光带; 地铁站; 堤顶路绿道; 平台; 出入口; 垂直电梯; 台阶; 市民舞台; 桥面; 灯光秀; 滨江新景观,幕府山; 江面,扁舟 (形态); 凤凰 (形态); 灯光秀; 滨江新景观,,曲折而上; 像扁舟; 似凤凰; 多变灯光秀,,,,西邻...东望...; 起于...止于...; 全长213米; 临江面宽90.9米; 最高处14.5米,6个出入口; 配置电梯; 可利用台阶进入绿道; 将打造市民舞台; 实现闭合; 无缝衔接,像扁舟; 似凤凰; 多变灯光秀; 滨江新景观,,结合达摩一苇渡江的传说,,Positive,兴趣/好奇,弱/低,否,,,,,,否,,[平台设计] -> [像扁舟/似凤凰/结合传说]; [灯光秀] -> [滨江新景观],[新景观/传说结合] -> [兴趣/好奇],,,[观江平台] [西邻] [金陵船厂]; [观江平台] [东望] [幕府山]; [观江平台] [起于] [上元门站3号口]; [观江平台] [止于] [江边堤顶路绿道]; [建成后下关滨江风光带] [连接] [三汊河] [和] [上元门]; [建成后下关滨江风光带] [连接] [五马渡],[观江平台建成] -> [下关滨江风光带基本闭合],介绍了即将建成的上元门观江平台(地点)，其地理位置、尺寸和设计理念(空间特征/认知意义)，设有多个出入口和电梯(认知功能)，未来将有市民舞台和灯光秀(人造特征/认知美学)，建成后将连接下关滨江风光带的东西段(认知功能)。
entry_25,铁轨在，火车是否还会停站 码头在，船舶是否还会靠岸 中山码头和火车主题公园 目前的状态是对外开放的 这里有不少民国时期的旧址 拍火车、码头、长江都是不错的 （一次很快乐的约拍） ⏳建议用时：2.5～3.5h 📍附近可逛：阅江楼、大观天地 摄影薯,中山码头; 下关火车主题公园; 长江; 阅江楼; 大观天地,交通枢纽; 公园/绿地; 历史遗迹; 滨水区域; 商业设施,铁轨; 火车; 码头; 船舶; 中山码头; 火车主题公园; 民国时期旧址; 阅江楼; 大观天地,长江,火车; 码头; 长江,,,,,,附近可逛：阅江楼、大观天地,对外开放,不错的 (拍照效果),,民国时期旧址,,Positive,愉悦/开心; 怀旧/温馨,中/一般,否,,约拍(集体); 拍照(集体); 逛(个人),,建议用时：2.5～3.5h,,否,很快乐的约拍; 不错的 (拍照),[火车/码头/长江] -> [拍照不错],[快乐的约拍] -> [愉悦/开心]; [民国旧址] -> [怀旧/温馨],[愉悦/开心] -> [拍照],,[阅江楼/大观天地] [位于] [中山码头/火车主题公园附近],,在中山码头和火车主题公园(地点)，这些地方有民国旧址(认知意义)并对外开放(认知功能)，拍火车、码头、长江效果不错(空间特征/认知美学)，进行了一次快乐的约拍(行为/情感)，建议游玩2.5-3.5小时(行为)。
entry_26,南京民国建筑探秘：这是一栋期待拨开重重迷雾的民国小红楼，它就是位于南京中山北路576号的民国原首都电厂办公楼旧址。关于它的身世众说纷纭，不少于五种，甚至有人说它曾经是汪贼精卫的别墅，但相关史料语焉不详。 和中山码头遥相呼应的小红楼，以其红砖外墙和中西合璧的风格引人注目。为了适应道路的转角，它采用了C字型的独特设计，整个建筑平面呈W型，以西南到东北向为轴线互为对称。西南面迎街的一楼设有门厅，为希腊多立克柱式门厅，中间的主楼局部三层，楼顶迎街一面是四角亭。 关于小红楼的身世，确实迷雾重重。根据《南京民国建筑地图》，这座楼房的由来有五种说法： 一是，该建筑建于1928年，作为孙中山先生奉安大典的临时指挥部。 二是，该建筑建于1935年并投入使用，作为津浦铁路首都车站，设有北上旅客购票处和轮渡候船室。 三是，作为中山码头的配套售票处和行李房。 四是，1937年侵华日军侵占南京后，日伪当局将该建筑占用，据称汪贼精卫曾经在此办公和居住。五是，根据小红楼悬挂的官方标牌所示，该建筑建于1946年，作为首都电厂的办公楼，1949年后成为下关电厂的办公场所。 如果按照官方标牌所示该建筑建于1946年，那么前面四种说法就不成立了，但是根据南京地方志学者周安庆对相关史料、文献的考证，小红楼的确曾经做过首都车站的售票处、行李房和轮渡候船室。这些看似纠缠不清的史海迷雾只有等待有关部门、单位和学者做出正本清源、恢复事物原貌的研判与解读。 现在，小红楼是鼓楼区的文物保护单位、南京重要的近现代建筑和江苏省不可移动文物，并且已经成为公共艺术空间对外开放，市民们不妨前去打卡观光，享受一下闲暇愉悦时光。,民国首都电厂旧址公园; 中山码头,历史遗迹; 公园/绿地; 交通枢纽,民国小红楼; 办公楼旧址; 别墅; 红砖外墙; 门厅 (希腊多立克柱式); 主楼; 四角亭; 官方标牌; 首都车站售票处; 行李房; 轮渡候船室; 文物保护单位; 近现代建筑; 不可移动文物; 公共艺术空间,,小红楼; 红砖外墙; 中西合璧风格; C字型设计; W型平面; 希腊多立克柱式门厅; 四角亭,,中西合璧,,闲暇愉悦时光,,以西南到东北向为轴线互为对称; 西南面迎街,成为公共艺术空间对外开放,引人注目; 中西合璧风格; 独特设计,闲暇愉悦时光,期待拨开重重迷雾; 民国; 身世众说纷纭; 汪精卫别墅?; 孙中山奉安大典临时指挥部?; 津浦铁路首都车站?; 中山码头配套?; 首都电厂办公楼; 下关电厂办公场所; 文物保护单位; 重要近现代建筑; 不可移动文物; 史海迷雾,,Positive,兴趣/好奇; 愉悦/开心; 放松/平静,中/一般,否,市民们,探秘(个人); 打卡(集体); 观光(集体),,,不妨前去打卡观光,否,享受一下闲暇愉悦时光,[小红楼] -> [引人注目/中西合璧/独特设计]; [小红楼身世] -> [迷雾重重/众说纷纭],[迷雾重重/身世众说纷纭] -> [兴趣/好奇]; [闲暇愉悦] -> [放松/平静],[兴趣/好奇] -> [探秘/打卡/观光],,[小红楼] [位于] [中山北路576号]; [小红楼] [遥相呼应] [中山码头],,探索了位于中山北路的民国首都电厂旧址“小红楼”(地点)，其红砖外墙和中西合璧风格引人注目(空间特征/认知美学)，但身世迷雾重重，有多种说法(认知意义)，现作为公共艺术空间开放(认知功能)，推荐市民前去打卡观光，享受闲暇时光(行为/情感)。
entry_27,夜游中山码头🚢 可以算是浅浅踩雷了😡 因为我的墨迹没赶上船，在江边逛了逛、超级热超级热，怎么这个时节，南京还能这么热的本来想在江边看夕阳的没赶上一点，江边黑乎乎的，轮渡停了，也没啥可看的唯一宽慰一点的，邂逅了江边小卖部☁，还挺出片的～ ⚠中山码头轮渡夕阳出行小tips： 💳可以刷南京公交码，2r ⏰轮渡时间6:00～19:00，平时和周末班次不太一样，基本上半个小时一趟！单程十几分钟～ ✨Ps：轮渡一层很多机动车，可以去二楼占个好位置拍照📷，去三层甲板需要再交10元，而且限制人数🚫 1最好下午四点多来，赶17:00的轮渡，可以看绝美夕阳 2去到对面浦口码头简单citywalk一会会， 一定要赶19:00的最后一班轮渡回来⛴ 3回到中山码头正好去江边小卖部拍拍照，沿江边一路走到长江大桥，或者打车到南堡公园，在玻璃栈道吹吹晚风🌬 （以上是我整理好的对我有用的下次出行笔记，下次实践也可供大家参考） 继续我的念念叨叨：去的太晚了就没啥好看的了江边小卖部的夜景还不错、以及一些夜间江边小剧场🌃应该去南堡公园的，去看看玻璃栈道和长江大桥，秋天🍂再来一次吧～,中山码头; 江边; 浦口码头; 长江大桥; 南堡公园; 玻璃栈道,交通枢纽; 滨水区域; 公园/绿地; 地标/空间节点,中山码头; 船; 轮渡; 南京公交码; 甲板; 浦口码头; 江边小卖部; 长江大桥; 南堡公园; 玻璃栈道,江边; 夕阳; 晚风; 夜景,夕阳; 黑乎乎; 江边小卖部; 夜景,超级热; 晚风,黑乎乎; 挺出片; 绝美; 不错 (夜景),,超级热; 吹吹晚风,,沿江边一路走到长江大桥,可刷公交码; 票价便宜 (2r); 班次固定 (半小时); 时间限制 (19:00截止); 甲板需额外付费/限人数,挺出片; 绝美 (夕阳); 不错 (夜景),踩雷; 没啥可看的; 宽慰,,,Negative,挫败/烦恼; 失望; 愉悦/开心 (小卖部拍照),中/一般,是 (失望->宽慰/愉悦),独自,夜游(个人); 逛(个人); 拍照(个人); citywalk(个人); 吹晚风(个人),,单程十几分钟,建议下午四点多来; 建议赶17:00轮渡; 建议赶19:00末班船; 建议去小卖部拍照; 建议去南堡公园; 秋天再来一次吧,是 (没赶上船，没看到夕阳),挺出片 (拍照),[江边小卖部] -> [挺出片/还不错],[踩雷/没赶上/没啥可看] -> [失望/烦恼]; [挺出片] -> [愉悦/开心],[失望] -> [秋天再来一次吧]; [愉悦] -> [建议去拍照],[超级热] -> [烦恼]; [晚风] -> [放松/平静],[浦口码头] [位于] [中山码头对面 (需轮渡)],[墨迹] -> [没赶上船],夜游中山码头(行为/地点)，因墨迹没赶上船和夕阳(行为/结果)，感觉踩雷且天热(情感/感官)，江边天黑后没啥可看(认知氛围)，但意外发现江边小卖部挺出片(空间特征/认知美学)，感到一丝宽慰(情感)，并总结了下次看夕阳轮渡的出行建议(行为意图)。
entry_28,上周末打卡了浦口火车站历史文化街区，顺便去浦口码头坐轮渡到中山码头，在江边吹了一个小时的风又坐船回来了 人不多，街区不大，逛起来很快。孩子吃糖葫芦吃的牙疼，还在坚持吃 📍地点：浦口火车站近代建筑风貌区 🅿停车：浦口火车站历史文化街区P1或P3停车场，P3更近，收费2元小时。 ps.景区里的糖葫芦比外面的贵三块钱,浦口火车站; 浦口码头; 中山码头; 江边,历史遗迹; 交通枢纽; 商业设施; 滨水区域,历史文化街区; 浦口码头; 轮渡; 中山码头; 停车场; 糖葫芦,江边; 风,街区,风,不大,,吹风,牙疼 (吃糖葫芦),街区不大，逛起来很快; P3更近,停车收费2元/小时; 景区物价比外面贵,,,,人不多,Neutral,放松/平静,弱/低,否,与家人 (孩子),打卡(集体); 坐轮渡(集体); 吹风(集体); 坐船返回(集体); 逛(集体); 吃糖葫芦(集体); 停车(集体),孩子吃糖葫芦牙疼还坚持吃,吹了一个小时的风,,否,,[街区] -> [不大/逛起来快]; [停车场P3] -> [更近]; [景区糖葫芦] -> [比外面贵],,,[江边吹风] -> [放松/平静],[轮渡] [从] [浦口码头] [到] [中山码头],,周末带孩子打卡浦口火车站历史文化街区(行为/地点)，街区不大，人不多(认知空间/人群)，顺便去浦口码头坐轮渡到中山码头，在江边吹了一小时风(行为/地点/空间特征)，感觉放松(情感)，提及停车信息和景区物价(认知功能)。
entry_29,南京最值得打卡的地方我住的楼下。 可以在屋顶上看完日落，拿出相机或者手机再来几张相片。 天气好的时候，湛蓝的天空配合这家的门头，真的氛围感十足，特别容易出片。 门口可以停车，喜欢拍爱车的种草这里！ 地址：711（南京江边路店）,7-11江边路店,商业设施,屋顶; 相机; 手机; 门头; 门口,日落; 天气; 天空,日落; 湛蓝的天空; 门头,天气好,湛蓝; 氛围感十足; 特别容易出片,,,,,可以停车,最值得打卡; 湛蓝的天空配合门头; 特别容易出片,氛围感十足,,,Positive,愉悦/开心,强/高,否,独自,看日落(个人); 拍照(个人); 停车(个人),,,最值得打卡; 种草这里,否,特别容易出片,[屋顶] -> [看日落]; [天气好/天空/门头] -> [氛围感十足/容易出片]; [门口] -> [可以停车],[氛围感十足/容易出片] -> [愉悦/开心],[愉悦/开心] -> [值得打卡/种草],[日落] -> [愉悦/开心],,,推荐位于7-11江边路店楼下(地点)，认为是最值得打卡的地方(行为意图/认知美学)，可以在屋顶看日落、拍照(行为/空间特征)，天气好时天空与门头配合氛围感十足，易出片(自然/人造特征/认知氛围/美学)，门口可停车(认知功能)，适合拍车(行为意图)。
entry_30,第一站中山码头，到中山码头有很多条公交线，下车后过马路就是中山码头，刷身份证进，然后才能买票，船票可以用支付宝公交卡支付，支付成功后进入码头，渡轮一层是电动车，二层是座椅，三层没开放。大约10分钟的时间到达浦口码头。 第二站浦口码头，下船后出码头对面就是浦口火车站旧址，也就是南京北站，朱自清先生笔下父亲送站的背影场景就是这里，还有情深深雨蒙蒙的拍摄取景地也是这里，如今物是人非已经成为旧址，都用围挡遮起来都在修缮中，所以5分钟就逛完了，喇叭循环播放浦口码头渡轮开船时间，刷2元船票回到码头等待返程，开船10分钟回到中山码头。 第三站铁路轮渡栈桥旧址，出中山码头按导航步行5分钟到达307公交站，下关大街北下车，下车后跟着导航走就行，其实就是废弃的铁路线，成了网红打卡圣地，确实拍出的效果很出片，我去的时候没人。 第四站下关西火车主题园，从栈桥下来沿着江边继续前行就能看到绿皮火车改成的主题公园，火车已经改成餐车，有站台，有候车大厅，有火车头，需要用餐的可以体验一下。 第五站南京长江大桥玻璃栈道，出主题公园先导航到宝塔桥，宝塔桥下台阶沿着江边走几分钟就能看到长江大桥玻璃栈道，之前有人分享直接导航长江大桥玻璃栈道不太识别，这里也是网红打卡圣地，看火车通过长江大桥，看游轮穿过长江大桥，看滔滔长江水，看伟大的长江大桥，拍照留念后原路返回宝塔桥，导航1路公交车终点站就是夫子庙，有体力的还可以接着逛。,中山码头; 浦口码头; 浦口火车站; 南京北站; 铁路轮渡栈桥旧址; 下关大街; 下关火车主题公园; 南京长江大桥; 玻璃栈道; 宝塔桥; 夫子庙,交通枢纽; 历史遗迹; 公园/绿地; 地标/空间节点; 滨水区域; 商业设施,"公交线; 马路; 身份证; 船票; 支付宝公交卡; 码头; 渡轮 (一层电动车, 二层座椅, 三层未开放); 浦口火车站旧址; 南京北站; 围挡; 喇叭; 铁路轮渡栈桥旧址; 导航; 公交站; 废弃铁路线; 下关西火车主题园; 绿皮火车; 餐车; 站台; 候车大厅; 火车头; 玻璃栈道; 台阶; 火车; 游轮; 长江大桥; 公交车",长江水,绿皮火车; 火车头; 火车; 游轮; 长江大桥; 长江水,喇叭循环播放,很出片; 伟大,喇叭循环播放,,,下车后过马路就是; 下船后出码头对面就是; 按导航步行5分钟; 跟着导航走就行; 从栈桥下来沿着江边继续前行就能看到; 先导航到宝塔桥; 沿着江边走几分钟就能看到,公交可达; 需刷身份证; 可用支付宝支付; 三层没开放; 正在修缮中; 导航可达; 火车改成餐车; 导航不太识别 (玻璃栈道直接导航),网红打卡圣地; 拍出的效果很出片; 伟大的长江大桥,网红打卡圣地,朱自清背影场景; 情深深雨蒙蒙取景地; 物是人非; 旧址; 废弃铁路线,我去的时候没人 (栈桥),Positive,兴趣/好奇; 愉悦/开心; 怀旧/温馨; 敬畏/惊叹,中/一般,否,独自,坐公交(个人); 刷身份证(个人); 买票(个人); 坐渡轮(个人); 逛(个人); 等待返程(个人); 步行(个人); 导航(个人); 拍照(个人); 用餐(个人); 看景(个人); 拍照留念(个人),,大约10分钟; 5分钟就逛完了; 步行5分钟,需要用餐的可以体验一下; 有体力的还可以接着逛,否,很出片 (拍照),[铁路轮渡栈桥旧址] -> [网红打卡圣地/很出片]; [长江大桥] -> [伟大],[很出片] -> [愉悦/开心]; [朱自清背影/情深深雨蒙蒙/物是人非] -> [怀旧/温馨]; [伟大] -> [敬畏/惊叹],[兴趣/好奇] -> [逛/体验/看景],[长江水] -> [敬畏/惊叹],[浦口火车站旧址] [位于] [浦口码头对面]; [下关西火车主题园] [位于] [铁路轮渡栈桥旧址附近沿江]; [玻璃栈道] [位于] [下关火车主题公园附近江边],[浦口火车站旧址] -> [朱自清背影/情深深雨蒙蒙取景地],记录了一条游览路线(行为)，从中山码头坐轮渡到浦口码头(地点/行为)，参观了因修缮只能短暂停留的浦口火车站旧址(地点/认知功能/认知意义)，接着去了铁路轮渡栈桥旧址(地点)，认为其是网红打卡地且拍照出片(认知氛围/美学)，然后去了下关火车主题园(地点/人造特征)，最后到达长江大桥玻璃栈道(地点)观景拍照(行为)，全程体验便捷且富有历史感和视觉冲击力(认知/情感)。
entry_31,Hi～我是挖掘南京小众宝藏地的是你七 分享南京秋天🍂周末可以打发无聊时间的地方 . 去周园 中 国 zui 大 的私人博物馆看藏品｜p1 p2 去东庐山观音寺看 ju 型 半身 佛 像｜p3 p4 去郑和公园看满地银杏｜p6 去梅钢钢铁博物馆打卡森林之窗｜p8 去锦创书城lalaland｜p10 去浦云路拍伦敦爱心大桥｜p12 去梧桐大道amp;明孝陵看坠美秋色｜p13 p14 去玄武湖看橘子海日落｜p15 去石湫影视基地打卡唐顿庄园｜p16 去山阴路看哈尔的移动城堡｜p17 去1865创意园打卡佛头｜p18 未完待续，欢迎补充👏 . 对啦，每次出来玩，我都会带上NULAX天然果蔬乐康膏mini装，天然蔬果成分，椰枣、无花果酸甜软糯的口感，而且是已经分装好的独立包装，方便携带，可以睡前一小块，第二天就hin顺利解决🚽，简直就是我的快乐旅行 必 备 好物！ . 南京旅游攻略｜南京周末去哪玩｜南京小众赏秋地｜亲子游｜大学生去哪玩｜值得一去的博物馆｜南京博物院｜周末遛娃｜南京秋天去哪｜捡秋｜南京拍照好看的地方｜秋天氛围感拍照｜南京拍照｜南京公园 生活薯 薯队长 城市情报官,周园; 东庐山观音寺; 郑和公园; 梅钢钢铁博物馆; 锦创书城; 浦云路; 梧桐大道; 明孝陵; 玄武湖; 石湫影视基地; 山阴路; 1865创意园,历史遗迹; 公园/绿地; 商业设施; 地标/空间节点,私人博物馆; 藏品; 观音寺; 佛像; 公园; 钢铁博物馆; 森林之窗; 书城; 伦敦爱心大桥 (指浦云路桥); 梧桐大道; 明孝陵; 影视基地; 唐顿庄园 (指建筑风格); 哈尔的移动城堡 (指建筑风格); 创意园; 佛头,秋天; 银杏; 秋色; 日落; 橘子海,藏品; 巨型半身佛像; 满地银杏; 森林之窗; 伦敦爱心大桥 (指浦云路桥); 坠美秋色; 橘子海日落; 唐顿庄园 (指建筑风格); 哈尔的移动城堡 (指建筑风格); 佛头,,小众; 宝藏地; 坠美,,,,,,宝藏地; 坠美秋色,小众; 秋天氛围感,中国最大私人博物馆; 唐顿庄园; 哈尔的移动城堡,小众,Positive,兴趣/好奇; 愉悦/开心,中/一般,否,,看藏品(个人); 看佛像(个人); 看银杏(个人); 打卡(个人); 拍照(个人); 看秋色(个人); 看日落(个人),,,分享; 欢迎补充,否,,[多个小众地点] -> [宝藏地]; [梧桐大道/明孝陵] -> [坠美秋色],[宝藏地/坠美秋色] -> [愉悦/开心]; [小众] -> [兴趣/好奇],[兴趣/好奇] -> [打卡/拍照],[橘子海日落] -> [愉悦/开心],,,分享了南京多个小众宝藏地(地点/认知美学)，适合秋天周末游玩(行为)，包括看博物馆藏品、寺庙佛像、公园银杏、打卡特色建筑和创意园、欣赏秋色和日落(行为/空间特征)，整体体验有趣愉悦(情感)。
entry_32,和摄友一起找到了拍长江大桥的最好机位,长江大桥,地标/空间节点; 交通枢纽,长江大桥; 机位,,长江大桥,,,,,,最好机位,,最好机位,,,,Positive,愉悦/开心; 自豪/归属感,中/一般,否,与朋友 (摄友),寻找机位(集体); 拍照(集体),和摄友一起找到,,,否,,[机位] -> [最好],[找到最好机位] -> [愉悦/开心]; [找到最好机位] -> [自豪/归属感],[愉悦/自豪] -> [拍照],,,,和摄友一起(社交)，找到了拍摄长江大桥的最好机位(行为/地点/认知评价)，感到愉悦和自豪(情感)。
entry_33,赶上了日落🌄好美,,,,日落,日落,,好美,,,,,,好美,,,,Positive,愉悦/开心; 惊叹/敬畏,强/高,否,,看日落(个人),,,,否,,[日落] -> [好美],[好美] -> [愉悦/开心]; [好美] -> [惊叹/敬畏],,[日落] -> [愉悦/开心],,,赶上了看日落(行为/自然特征)，觉得非常好美(认知美学)，感到愉悦和惊叹(情感)。
entry_34,"南京栖霞山长江大桥，简称栖霞山大桥，原称南京长江第四大桥，《南京市城市总体规划》中quot;五桥一隧quot;过江通道之一，2008年建成时被誉为quot;中国的金门大桥quot; 📸：Canon600dsigma18200,73mm拍摄（半画幅） 参数：a档，ISO100,f11，后期9张堆栈 位置：南大附近，很好找 建议带小架子，大架子也能拍但是右边会有遮挡",栖霞山长江大桥; 南京长江第四大桥; 南大,地标/空间节点; 交通枢纽,栖霞山长江大桥; 过江通道; 相机; 架子,,遮挡,,有遮挡,,,,很好找; 右边会有遮挡,,,,中国的金门大桥,,Neutral,兴趣/好奇,弱/低,否,,拍摄(个人),,,建议带小架子,否,,[位置] -> [很好找]; [右边] -> [会有遮挡],[中国的金门大桥] -> [兴趣/好奇],[兴趣/好奇] -> [拍摄],,[栖霞山长江大桥] [位于] [南大附近],,介绍了南京栖霞山长江大桥(地点)，曾被誉为“中国的金门大桥”(认知意义)，拍摄位置在南大附近，很好找(认知易读性)，但建议用小架子以避免遮挡(行为建议)。
entry_35,超爱南京，下次还来！！ ✅pyq文案分享： 树是梧桐树，城是南京城 📍南京｜钟山风景区 是南京，也是金陵 📍南博｜鸡鸣寺｜玄武湖｜颐和路 十里秦淮，金陵一梦 📍老门东｜夫子庙｜大报恩寺 📍南京｜去吃100遍的地方！！ ✅三天三晚特种兵路线： 🔴Day 1: 中山陵风景区 玄武湖 鸡鸣寺 三餐：大明王朝火山屋台第五季大排档 🔴Day 2: 南京博物院 大报恩寺 老门东 夫子庙 三餐：鸿福面馆（张府园）米辣竹里馆庙东排骨 🔴Day 3: 燕子矶 中山码头 颐和路 三餐：辣当家芮卡 ✅关于住宿：选在了新街口附近，但是比较贵，大家有没有碰到不错的呀🥹🥹 大家tui的好店，下次去就立刻冲过去！大家要是有避雷也欢迎分享呀！🫡🫡🫡,南京; 钟山风景区; 南京博物院; 鸡鸣寺; 玄武湖; 颐和路; 老门东; 夫子庙; 大报恩寺; 中山陵风景区; 燕子矶; 中山码头; 新街口,历史遗迹; 公园/绿地; 商业设施; 交通枢纽,梧桐树; 城; 钟山风景区; 南博; 鸡鸣寺; 玄武湖; 颐和路; 老门东; 夫子庙; 大报恩寺; 中山陵; 燕子矶; 中山码头; 住宿; 新街口,梧桐树,梧桐树,,,,特种兵路线,,,比较贵 (住宿),,金陵一梦,金陵; 十里秦淮,,Positive,愉悦/开心; 兴趣/好奇,强/高,否,,旅游(个人); 吃(个人),寻求推荐/避雷,三天三晚,超爱; 下次还来; 去吃100遍; 立刻冲过去; 欢迎分享,否,,[新街口住宿] -> [比较贵],[金陵一梦] -> [愉悦/开心],[超爱/愉悦] -> [下次还来/立刻冲过去],[南京/金陵/梧桐树] -> [愉悦/开心],,,表达了对南京(地点)的超爱(情感)，分享了包含多个著名景点(钟山、南博、夫子庙等)的三天三晚特种兵路线(行为)，提及新街口住宿较贵(认知功能)，并表示下次还想来(行为意图)。
entry_36,此刻，课本中的插图化为了眼前的壮丽景象。 日落的南京长江大桥，每一刻都会给人不同的感受，我有幸赶上了最辉煌最漂亮的一刻。 (当然，词中本是指武汉长江大桥，不过我觉得南京长江大桥的壮观也应该与此类似。),南京长江大桥; 武汉长江大桥,地标/空间节点; 交通枢纽,南京长江大桥; 武汉长江大桥,日落,壮丽景象; 日落; 最辉煌最漂亮的一刻,,壮丽; 辉煌; 漂亮; 壮观,,,,,,壮丽景象; 最辉煌最漂亮; 壮观,不同的感受,课本中的插图,,Positive,敬畏/惊叹; 愉悦/开心,强/高,否,独自,观景(个人),,,,否,,[日落的南京长江大桥] -> [壮丽/辉煌/漂亮/壮观],[壮丽/辉煌/漂亮/壮观] -> [敬畏/惊叹]; [辉煌/漂亮] -> [愉悦/开心],,[日落的南京长江大桥] -> [敬畏/惊叹],,[南京长江大桥] [类比] [武汉长江大桥],在南京长江大桥(地点)观赏日落(行为/自然特征)，感觉景象壮丽、辉煌、漂亮(认知美学)，如同课本插图变为现实(认知联想)，内心充满敬畏和愉悦(情感)。
entry_37,两块钱，承载南京人最原始的过江方式，坐轮渡到对岸的浦口。 下关的 中山码头，2块钱扫支付宝进站候船，网上都说是20分钟一班船，今天我们来回往返都是半小时一班次 船程10分钟到对岸，出了站一直往正前方走50米就是浦口火车站。这个火车站，是朱自清背影里，父亲去给他买橘子的月台，也是依萍送别书桓的 离别的车站。 穿过火车站继续顺着唯一的小路往北走，走到尽头右拐就是一段废弃的铁道口。一路虽然废弃，但还是很有时光的味道，深秋一定要再来一次，落满梧桐树叶的浦口，一定别有一番味道。,浦口; 中山码头; 浦口火车站,交通枢纽; 历史遗迹,轮渡; 中山码头; 支付宝; 船; 浦口火车站; 月台; 车站; 小路; 废弃铁道口,梧桐树叶 (深秋),月台; 废弃铁道口; 梧桐树叶,,,,,,出了站一直往正前方走50米就是; 顺着唯一的小路往北走，走到尽头右拐就是,便宜 (2元); 可扫支付宝; 班次固定 (半小时),很有时光的味道; 别有一番味道,时光的味道; 别有一番味道,最原始的过江方式; 朱自清背影; 离别的车站; 深秋,,Positive,怀旧/温馨; 兴趣/好奇,中/一般,否,我们,坐轮渡(集体); 候船(集体); 步行(集体),,船程10分钟,深秋一定要再来一次,否,,[废弃铁道口] -> [很有时光的味道]; [深秋落满梧桐树叶的浦口] -> [别有一番味道],[时光的味道/朱自清背影/离别的车站] -> [怀旧/温馨]; [别有一番味道] -> [兴趣/好奇],[怀旧/兴趣] -> [深秋一定要再来一次],,[浦口火车站] [距离50米] [浦口码头出口],[坐轮渡] -> [南京人最原始的过江方式],体验了从中山码头坐轮渡到浦口(行为/地点)，这种南京最原始的过江方式(认知意义)，参观了浦口火车站(地点)，联想到朱自清《背影》和《情深深雨濛濛》的场景(认知意义)，并探索了附近的废弃铁道口(行为/地点)，感觉很有时光的味道(认知氛围)，并期待深秋再来(行为意图)。
entry_38,是开往春天的火车 下关火车主题公园真的太出片了！ 公园人相对较少，可以拍火车外景内景以及江边风光 可以说是拍摄人像的绝佳地点 再夸一下模特小姐姐真的太可爱啦 出镜：小媛心事 📷Canon6D2EF70200 f4EF50 f1.8,下关火车主题公园,公园/绿地; 历史遗迹,火车; 公园,江边风光; 春天,火车外景内景; 江边风光,,太出片了; 绝佳,,,,,可以拍火车外景内景以及江边风光,太出片了; 拍摄人像的绝佳地点; 可爱 (模特),,开往春天的火车,人相对较少,Positive,愉悦/开心,强/高,否,与朋友 (模特),拍照(集体),夸模特可爱,,,否,太出片了; 绝佳地点,[下关火车主题公园/火车/江边风光] -> [太出片了/绝佳地点],[太出片了/绝佳地点] -> [愉悦/开心],[愉悦/开心] -> [拍照],,,,在下关火车主题公园(地点)进行人像拍摄(行为)，认为这里非常出片，是绝佳的拍摄地点(认知美学/功能)，公园人少(认知人群)，可以拍火车和江景(空间特征)，整体感觉非常愉悦(情感)。
entry_39,约上三五好友，一起追忆和它的过往吧！,,,,,,,,,,,,,,,追忆过往,,Positive,怀旧/温馨,中/一般,否,与朋友 (三五好友),追忆(集体),约上三五好友一起,,约上...一起...吧！,否,,,[追忆过往] -> [怀旧/温馨],[怀旧/温馨] -> [约好友一起追忆],,,,提议约上三五好友(社交/行为意图)，一起去某地追忆过往(行为/认知联想)，带有怀旧的情感(情感)。
entry_40,玻璃栈桥位于长江大桥下 适合拍日落 交通：🚇3号线上元门转乘🚌12路到南堡公园西下车骑单车到玻璃栈桥的入口处 可直接步行到江滨（栈桥上不允许骑车，会被入口的工作人员拦下）,玻璃栈桥; 长江大桥; 上元门站; 南堡公园西,地标/空间节点; 滨水区域; 交通枢纽,玻璃栈桥; 长江大桥; 地铁; 公交; 单车; 入口; 工作人员,日落; 江滨,日落,,,,,,,交通方式明确; 不允许骑车上栈桥,适合拍日落,,,,Neutral,兴趣/好奇,弱/低,否,,拍照(个人); 步行(个人),,,,否,,[玻璃栈桥] -> [适合拍日落],[适合拍日落] -> [兴趣/好奇],[兴趣/好奇] -> [拍照],[日落] -> [愉悦/开心],[玻璃栈桥] [位于] [长江大桥下],,介绍了位于长江大桥下的玻璃栈桥(地点)，指出其适合拍摄日落(认知美学/行为)，并提供了详细的交通方式(认知功能)，以及栈桥上不允许骑车的规定(认知功能)。
entry_41,浦口火车站街区，这个承载着南京近现代历史变迁的百年老站，终于在2024年10月11日低调开街，揭开了它的神秘面纱。这里不仅是朱自清《背影》中那深情的离别之地，也是《情深深雨濛濛》等多部影视作品的取景地，被誉为中国最文艺的火车站。 🚂 穿越时光的旅行：踏入浦口火车站街区，仿佛穿越回了那个车马邮件都慢的年代。一尊青铜雕像，手中握着鲜艳的橘子，仿佛在诉说着《背影》中那段关于父爱的故事。不远处的《背影》主题咖啡馆，墙面上装饰着散文中的父子对话，让人在品味咖啡的同时，也能感受到那份深沉的情感。 🏰 历史与现代的交融：街区内的建筑多为文保建筑，经过精心修缮，保留了原本的外观风格，内部则进行了现代化改造，使其既具有观赏性，又具备实用性。书店、旧物店、旗袍店、民宿、小型展馆、小吃店、咖啡店、茶室等多种业态，与街区的总体调性相得益彰，商业气息不浓，却能满足游客的基本需求。 🌉 文化与自然的和谐：浦口火车站街区不仅是历史的见证，也是文化的传承。在这里，你可以漫步在站前广场，感受那些年的繁华与喧嚣；也可以在雨廊下，聆听历史的回声。街区的开放，让这座百年老站真正融入了市民的生活，成为了一个集游、购、食、宿、娱多功能一体的历史文化街区。 📸 拍照打卡新地标：无论是《背影》主题雕塑，还是那些充满民国风情的建筑，都是拍照打卡的绝佳背景。在这里，每一次快门的按下，都是对历史的一次致敬，也是对美好时光的一次定格。 浦口火车站街区，一个让你在现代都市中，也能触摸到历史温度的地方。来这里，开启一场穿越时光的旅行，感受那份独特的文艺气息吧！🍂🚉,浦口火车站,历史遗迹; 商业设施; 交通枢纽; 广场/开阔地,街区; 百年老站; 青铜雕像; 橘子; 《背影》主题咖啡馆; 墙面装饰; 文保建筑; 书店; 旧物店; 旗袍店; 民宿; 小型展馆; 小吃店; 咖啡店; 茶室; 站前广场; 雨廊; 雕塑; 民国风情建筑,橘子,青铜雕像; 鲜艳的橘子; 墙面装饰; 民国风情建筑,,鲜艳; 民国风情,聆听历史的回声,触摸到历史温度,,,精心修缮; 现代化改造; 观赏性; 实用性; 多种业态; 满足游客基本需求; 融入市民生活; 多功能一体,最文艺; 保留原本外观风格; 相得益彰; 拍照打卡的绝佳背景,神秘面纱; 文艺; 仿佛穿越; 车马邮件都慢的年代; 深沉的情感; 历史与现代的交融; 繁华与喧嚣; 历史的回声; 文化与自然的和谐; 历史温度; 穿越时光; 文艺气息,承载近现代历史变迁; 百年老站; 朱自清《背影》; 《情深深雨濛濛》取景地; 文艺; 父爱故事; 历史的见证; 文化的传承; 历史的回声; 对历史的致敬; 美好时光的定格,,Positive,兴趣/好奇; 怀旧/温馨; 敬畏/惊叹; 愉悦/开心,强/高,否,游客; 市民,旅行(集体); 踏入(集体); 品味咖啡(集体); 漫步(集体); 聆听(集体); 拍照打卡(集体),,,来这里，开启一场...,否,,[街区] -> [仿佛穿越/历史与现代交融/文化与自然和谐]; [雕塑/建筑] -> [拍照打卡绝佳背景],[历史变迁/百年老站/背影/历史回声] -> [怀旧/温馨]; [文艺/穿越感] -> [兴趣/好奇]; [深沉情感/历史致敬] -> [敬畏/惊叹],[兴趣/怀旧] -> [旅行/拍照打卡/漫步],[浦口火车站街区] -> [怀旧/温馨],,[浦口火车站街区] -> [《背影》/《情深深雨濛濛》取景地],新开街的浦口火车站街区(地点)，承载着百年历史和文化记忆(认知意义)，建筑修缮后兼具观赏性和实用性，业态丰富(认知功能/美学)，营造出穿越时光的文艺、怀旧氛围(认知氛围/情感)，是拍照打卡的新地标(行为)，推荐游客前来体验(行为意图)。
entry_42,刚从南京淋完梧桐雨回来的血泪经验！四月日均3w步气温过山车，给大家看一下我的行李箱开箱 👚上衣：薄卫衣1（昼夜温差救星）短袖2（暴走吸汗）防晒衣1（钟山风景区紫外线暴击） 👖下装：牛仔裤1阔腿裤1（博物院排队久坐不勒）汉服马面裙（老门东出片神器） 👟鞋子：带气垫的运动鞋1玛丽珍鞋1（颐和路拍照小心机） ⚠避雷：别带毛呢外套！中山陵爬山出汗粘一身梧桐絮巨崩溃 ✅ 救命级物品包 ▪抗过敏药鼻炎喷雾（梧桐絮比柳絮凶10倍！） ▪折叠小板凳（音乐台等鸽子起飞要蹲半小时） ▪防水鞋套（秦淮河游船甲板会溅水湿鞋） 📸 2025限定玩法 1 鸡鸣寺夜樱专线（4.14.15限时开放）玄武门地铁站有接驳车 2 中山码头坐轮渡追江豚（4月洄游季成功率80！） 3 朝天宫玉兰雪糕限量版（集齐3根可换明孝陵门票优惠券） 🍜 本地人私藏菜单 ▪南湖董阿姨肉沫煎饼（加海带丝版本yyds） ▪三七八巷哑巴蛋饺（让老板现做焦底款） ▪锁金村京华汤包（比某网红店少排1小时队） ▪隐藏吃法：章云板鸭蘸徐家鸭子卤汁，解锁双倍快乐 🚫 避坑警报 ❗明孝陵鹿苑暂停投喂（2025新规违者罚款500） ❗夫子庙竹筒奶茶全是回收筒（去老门东买金陵十二钗限定款） ❗新街口地铁站7号口正在维修（去德基厕所走15号口更近） 💡 2025新情报 ▫牛首山新增玻璃栈道（佛顶宫拍照要抢8:00第一批入园） ▫红山动物园熊猫馆扩建（看九九玩滑梯要上午10点前） ▫南京站寄存柜升级人脸识别（全天30元封顶 现在来南京正当时！樱花未落蔷薇初开，科巷的青团还裹着艾草香～,南京; 钟山风景区; 博物院; 老门东; 颐和路; 中山陵; 音乐台; 秦淮河; 鸡鸣寺; 玄武门地铁站; 中山码头; 朝天宫; 明孝陵; 南湖; 三七八巷; 锁金村; 夫子庙; 新街口地铁站; 德基; 牛首山; 红山动物园; 南京站; 科巷,公园/绿地; 历史遗迹; 商业设施; 交通枢纽; 滨水区域; 地标/空间节点,梧桐雨; 行李箱; 衣服; 鞋子; 毛呢外套; 梧桐絮; 抗过敏药; 鼻炎喷雾; 折叠小板凳; 防水鞋套; 游船甲板; 接驳车; 轮渡; 玉兰雪糕; 门票优惠券; 煎饼; 蛋饺; 汤包; 板鸭; 卤汁; 鹿苑; 竹筒奶茶; 地铁口; 厕所; 玻璃栈道; 佛顶宫; 动物园熊猫馆; 滑梯; 寄存柜; 青团,梧桐雨; 气温; 紫外线; 梧桐絮; 鸽子; 江豚; 玉兰; 樱花; 蔷薇; 艾草香,梧桐雨; 梧桐絮; 夜樱; 江豚; 玉兰雪糕; 樱花; 蔷薇,气温过山车; 紫外线暴击; 出汗; 粘一身; 梧桐絮 (过敏); 溅水湿鞋; 艾草香,出片神器,,气温过山车; 暴走; 久坐不勒; 爬山出汗; 粘一身; 崩溃; 溅水湿鞋,艾草香,7号口维修，走15号口更近,昼夜温差救星 (卫衣); 吸汗 (短袖); 防晒 (防晒衣); 不勒 (阔腿裤); 小心机 (玛丽珍鞋); 救命级 (物品包); 方便 (接驳车); 成功率80% (追江豚); 优惠 (雪糕换门票); 少排队 (汤包); 暂停投喂; 回收筒 (奶茶); 维修 (地铁口); 新增栈道; 扩建 (熊猫馆); 升级 (寄存柜); 封顶 (寄存费),出片神器 (马面裙); yyds (煎饼); 焦底款 (蛋饺); 双倍快乐 (隐藏吃法),血泪经验; 崩溃,金陵十二钗限定款 (奶茶),排队 (博物院); 少排1小时队 (汤包),Mixed,挫败/烦恼; 愉悦/开心; 兴趣/好奇,中/一般,否,,淋雨(个人); 暴走(个人); 爬山(个人); 等鸽子(个人); 坐游船(个人); 坐轮渡(个人); 追江豚(个人); 吃(个人); 投喂(禁止); 买奶茶(个人); 拍照(个人); 看熊猫(个人); 寄存(个人),,日均3w步; 蹲半小时; 排队久坐; 少排1小时队,避雷; 救命级; 限定玩法; 私藏菜单; 避坑警报; 新情报; 推荐,否,崩溃 (爬山粘梧桐絮); yyds (吃煎饼); 双倍快乐 (吃法),[中山陵梧桐絮] -> [粘一身崩溃]; [秦淮河游船甲板] -> [溅水湿鞋]; [音乐台] -> [等鸽子要蹲半小时]; [中山码头轮渡] -> [追江豚成功率80%]; [夫子庙竹筒奶茶] -> [回收筒],[崩溃/烦恼] -> [挫败/烦恼]; [yyds/双倍快乐] -> [愉悦/开心],[烦恼] -> [避雷]; [愉悦] -> [推荐],[淋梧桐雨] -> [挫败/烦恼],,,分享了四月南京旅游的“血泪经验”(情感/认知)，包括应对梧桐雨、温差和梧桐絮过敏的建议(空间特征/认知功能)，推荐了特定衣物和必备品(行为)，介绍了限定玩法如鸡鸣寺夜樱、中山码头追江豚(行为/地点)，提供了本地人私藏美食(行为/地点)，并给出了多项避坑警报和最新情报(认知功能/行为意图)。
entry_43,周末半天闲逛指南🧭 江北图书馆浦口码头中山码头 📚江北图书馆建得太美了，尤其是一进门那三面三层楼高的书墙，午后阳光慢慢打过来，几何感更强烈。 🚢浦口码头旁边便是浦口火车站，即南京北站。北站便是朱自清《背影》中经典的卖橘子桥段发生的地方，亦是琼瑶《情深深雨蒙蒙》拍摄的取景地之一。 北站改建了一条文化街，不少文创，码头则有许多小摊贩，吃到个贼好吃的面筋，10元3串，童叟无欺。码头上往江对面看，林立大厦一瞬间魂穿香港维港的那抹景色。 船票2元一趟，船有两层，全封闭。落日时分靠窗远望，收获一江夕阳。 江对面是中山码头，有民国海军医院旧址、民国首都电厂旧址、铁路轮渡栈桥旧址和江豚观赏地。,江北图书馆; 浦口码头; 中山码头; 浦口火车站; 南京北站; 香港维港; 民国海军医院旧址; 民国首都电厂旧址; 铁路轮渡栈桥旧址; 江豚观赏地,商业设施; 交通枢纽; 历史遗迹; 滨水区域; 公园/绿地,"图书馆; 书墙; 浦口码头; 浦口火车站; 南京北站; 文化街; 文创; 小摊贩; 面筋; 大厦; 船票; 船 (两层, 全封闭); 中山码头; 民国海军医院旧址; 民国首都电厂旧址; 铁路轮渡栈桥旧址; 江豚观赏地",阳光; 落日; 夕阳; 江,书墙; 阳光; 几何感; 林立大厦; 香港维港景色; 落日; 夕阳,午后阳光,太美了; 几何感更强烈; 魂穿香港维港,,,贼好吃 (面筋),一进门; 旁边便是; 往江对面看; 江对面是,票价便宜 (2元); 全封闭 (船),建得太美了; 几何感强烈; 童叟无欺; 魂穿香港维港,魂穿香港维港,朱自清《背影》; 琼瑶《情深深雨蒙蒙》取景地,,Positive,愉悦/开心; 惊叹/敬畏; 兴趣/好奇; 怀旧/温馨,强/高,否,独自,闲逛(个人); 看书墙(个人); 吃面筋(个人); 看风景(个人); 坐船(个人); 看夕阳(个人),,半天,闲逛指南,否,贼好吃 (吃面筋),[江北图书馆书墙/阳光] -> [太美了/几何感强烈]; [浦口码头看江对面] -> [魂穿香港维港],[太美了] -> [惊叹/敬畏]; [好吃/美景/魂穿] -> [愉悦/开心]; [背影/情深深雨蒙蒙] -> [怀旧/温馨],[愉悦/好奇] -> [闲逛],[夕阳] -> [愉悦/开心],[浦口火车站] [位于] [浦口码头旁边]; [中山码头] [位于] [浦口码头江对面]; [多个旧址/观赏地] [位于] [中山码头附近],[南京北站] -> [朱自清《背影》/《情深深雨濛濛》取景地],推荐了一个周末半天闲逛路线(行为/地点)，包括江北图书馆(地点)，赞其书墙在阳光下很美(空间特征/认知美学)，以及浦口码头和旁边的浦口火车站(地点)，提及历史文化背景(认知意义)，可在码头吃到好吃面筋、看到类似维港的江景(行为/认知美学)，并可坐2元轮渡看夕阳(行为/认知功能)，对岸中山码头附近还有多个历史遗址(地点)。
entry_44,#,,,,,,,,,,,,,,,,,Neutral,,,否,,,,,,否,,,,,,,,空文本或仅包含符号。
entry_45,不知道有没有人和我一样就为了体验下渡轮，从中山码头坐到浦口码头，发现那里荒凉无比的。下了船就是几个吹萨克斯的老大爷，往里走是你呆在此地别动我去买几个橘子的南京北站，里面和那个1912街区差不多，但是门可罗雀。 渡轮上太阳好的是的拍照还是蛮好看的，可以参考滨田英明的调色，出片很日系。 不得不说这天视宁度太差了，用长焦得把清晰度拉满，调出来的照片味太冲了，有点像香港的感觉，嫌弃。腾龙70300也是巨肉无比，去紫边已拉满。。。,中山码头; 浦口码头; 南京北站; 1912街区,交通枢纽; 历史遗迹; 商业设施,渡轮; 中山码头; 浦口码头; 萨克斯; 南京北站; 1912街区; 相机 (长焦); 腾龙70-300,太阳; 天气 (视宁度差),日系风格; 香港感觉,太阳好; 视宁度差,荒凉无比; 门可罗雀; 蛮好看的; 日系; 味太冲了; 像香港的感觉; 巨肉无比 (镜头); 紫边,吹萨克斯,,,下了船就是; 往里走是,,荒凉无比; 门可罗雀; 蛮好看的 (渡轮拍照); 出片很日系; 味太冲了; 像香港的感觉; 巨肉无比 (镜头),荒凉无比; 门可罗雀,我去买几个橘子,门可罗雀,Mixed,兴趣/好奇; 失望; 愉悦/开心 (拍照); 厌恶 (照片效果/镜头),中/一般,否,独自,体验渡轮(个人); 坐渡轮(个人); 拍照(个人),看到吹萨克斯的老大爷,,嫌弃,否,蛮好看的; 出片很日系,[浦口码头/南京北站] -> [荒凉无比/门可罗雀]; [渡轮上拍照] -> [蛮好看的/很日系]; [视宁度差/长焦照片] -> [味太冲/像香港/嫌弃],[荒凉/门可罗雀] -> [失望]; [好看/日系] -> [愉悦/开心]; [味冲/嫌弃] -> [厌恶],[好奇] -> [体验渡轮],,[浦口码头] [轮渡连接] [中山码头]; [南京北站] [位于] [浦口码头附近],,为了体验渡轮(行为/情感)，从中山码头坐到浦口码头(地点)，发现对岸荒凉、门可罗雀(认知氛围/人群)，感到失望(情感)。但在渡轮上阳光好时拍照效果不错，很日系(行为/认知美学/情感)。然而天气视宁度差，长焦照片效果不佳，令人嫌弃(自然特征/认知美学/情感)。
entry_46,人生就像一辆火车，去哪其实并不重要，关键在于窗外的风景,,,火车; 窗,风景,风景,,,,,,,,关键在于窗外的风景,,人生就像一辆火车,,Neutral,放松/平静,弱/低,否,,,,,,否,,[窗外风景] -> [关键],[关注风景] -> [放松/平静],,,,[人生] [类比] [火车],通过将人生比作火车(认知联想)，强调窗外的风景(空间特征)比目的地更重要(认知评价)，传达一种关注过程和体验的人生态度(情感)。
entry_47,公交线路: 95路、117路、12路、Y9南堡公园西 站下车 地铁3号线，上元门站（2口）出站，共享单车骑行10分钟,南堡公园西站; 上元门站,交通枢纽; 公园/绿地,"公交线路 (95, 117, 12, Y9); 公交站; 地铁线 (3号线); 地铁站; 出口 (2口); 共享单车",,,,,,骑行10分钟,,站下车; 出站,多种交通方式,,,,,Neutral,,,否,,乘坐公交(个人); 乘坐地铁(个人); 骑共享单车(个人),,骑行10分钟,,否,,,,,,,,提供了到达某地（可能是南堡公园）的交通指南(认知功能)，包括具体的公交线路、地铁线路及站点，以及出站后骑共享单车的建议时长(行为)。
entry_48,南京中山码头，还保留着2块钱的长江轮渡，幸运的你还有可能看到江豚呢,中山码头,交通枢纽; 滨水区域,中山码头; 轮渡,长江; 江豚,江豚,,,,,,,保留着; 票价便宜 (2块钱),幸运,幸运,,,Positive,兴趣/好奇; 愉悦/开心,弱/低,否,,坐轮渡(个人); 看江豚(个人),,,,否,,[轮渡] -> [保留着/2块钱]; [看到江豚] -> [幸运],[幸运] -> [愉悦/开心]; [看到江豚的可能性] -> [兴趣/好奇],,[江豚] -> [兴趣/好奇],,,介绍了南京中山码头(地点)仍保留着2元长江轮渡(空间特征/认知功能)，并提及幸运的话可能看到江豚(自然特征/认知氛围)，带有好奇和期待的情感(情感)。
entry_49,浦口火车站历史文化街区已经正式开园啦！等了这么多年终于惊艳亮相，拍照超出片！还免费！我大胆预测下，这里即将成为新晋顶流旅游打卡点！,浦口火车站,历史遗迹; 商业设施; 交通枢纽,历史文化街区,,,,惊艳亮相; 超出片,,,,,正式开园; 免费,惊艳亮相; 拍照超出片; 新晋顶流,惊艳; 顶流,等了这么多年,顶流 (预测),Positive,愉悦/开心; 惊叹/敬畏; 兴趣/好奇,强/高,否,,拍照(个人); 打卡(个人),,,大胆预测; 即将成为...打卡点,否,拍照超出片,[浦口火车站街区] -> [惊艳亮相/超出片/免费/顶流],[惊艳/超出片/顶流] -> [愉悦/开心]; [惊艳] -> [惊叹/敬畏],[愉悦/好奇] -> [预测成为打卡点],,,,宣布浦口火车站历史文化街区(地点)已开园(认知功能)，评价其惊艳亮相、拍照超出片且免费(认知美学/功能)，预测将成为顶流打卡点(行为意图)，表达了兴奋和期待的情感(情感)。
entry_50,夕阳下🌇的南堡公园真的太出片了 ✨Biling biling的河面 旁边是南京长江大桥玻璃栈道,南堡公园; 南京长江大桥; 玻璃栈道,公园/绿地; 地标/空间节点; 滨水区域,南堡公园; 南京长江大桥; 玻璃栈道,夕阳; 河面,夕阳; Biling biling的河面; 南京长江大桥; 玻璃栈道,,太出片了; Biling biling,,,,旁边是...,,太出片了; Biling biling,,,,Positive,愉悦/开心; 惊叹/敬畏,强/高,否,,拍照(个人),,,,否,太出片了,[夕阳下的南堡公园/河面] -> [太出片了/Biling biling],[太出片了] -> [愉悦/开心]; [太出片了/Biling biling] -> [惊叹/敬畏],[愉悦/惊叹] -> [拍照],[夕阳/Biling biling河面] -> [愉悦/开心],[南京长江大桥玻璃栈道] [位于] [南堡公园旁边],,在夕阳下的南堡公园(地点/自然特征)，看到波光粼粼的河面(视觉特征)，认为非常适合拍照出片(认知美学/行为评价)，旁边就是长江大桥玻璃栈道(空间关系)，感到非常愉悦(情感)。
