基础信息_Text_ID,基础信息_Original_Text,空间环境特征_Place_Name,空间环境特征_Place_Type,空间环境特征_Spatial_Features_Manmade,空间环境特征_Spatial_Features_Natural,空间环境特征_Spatial_Features_Visual,空间环境特征_Spatial_Features_OtherSensory,认知评价与体验_Sensory_Visual_Desc,认知评价与体验_Sensory_Auditory_Desc,认知评价与体验_Sensory_TactileKinesthetic_Desc,认知评价与体验_Sensory_OlfactoryGustatory_Desc,认知评价与体验_Cognitive_Legibility_Orientation,认知评价与体验_Cognitive_Functionality_Usability,认知评价与体验_Cognitive_Aesthetics_Quality,认知评价与体验_Cognitive_Atmosphere_Experience,认知评价与体验_Cognitive_Meaning_Association,认知评价与体验_Social_CrowdLevel,情感表达_Emotion_Valence,情感表达_Emotion_Discrete,情感表达_Emotion_Intensity,情感表达_Emotion_Shift,行为活动_Social_Company,行为活动_Behavior_Activities,行为活动_Behavior_Social_Interaction_Desc,行为活动_Behavior_Lingering_Mention,行为活动_Behavior_Approach_Avoidance_Intent,行为活动_Behavior_Plan_Change,行为活动_Behavior_Activity_Evaluation,关系抽取_RE_Spatial_Cognitive,关系抽取_RE_Cognitive_Emotion,关系抽取_RE_Emotion_Behavior,关系抽取_RE_Spatial_Emotion,关系抽取_RE_Spatial_Relation,关系抽取_RE_Other,综合摘要_Spatio_Emotional_Cognitive_Behavioral_Summary,筛选
487,熬夜整理了4条个人很喜欢的city walk路线供大家参考～ 1下关滨江风光带路线 玻璃栈桥下关火车遗址公园江豚观测点下关大马路中山码头浦口火车站 2老城南路线 钓鱼台老门东小西湖夫子庙 3城中文艺浪漫路线 先锋书店（五台山总店）陶谷新村金银街颐和路 4钟山风景区路线 音乐台中山陵美龄宫明孝陵燕雀湖环陵路 🏠住宿篇 1追求好看的夜景就选夫子庙附近 2追求交通便利就选新街口附近 3追求环境安静就选鼓楼附近 👗穿搭建议 1休闲慵懒风：悦动新西门18栋（南京打卡墙）、宁海中学北门（紫峰大厦经典机位）、先锋书店五台山总店 2简约自然风：梧桐大道木桥（明孝陵5号出口）、音乐台、梧桐大道（灵谷寺路） 3新中式、汉服、 旗袍：夫子庙（文德桥、平江桥、东园桥、得月台4楼）、大报恩寺（南京书、琉璃塔、感恩众生、菩提树下、千年地宫）、老门东（竹里馆门口、德云社、芥子园）、南京博物院（民国馆） ❗南京tips 111.13前小奶龙化身大报恩寺的守护神，进门就可以领取奶龙故事册，完成谜题还有限定章！ 2一定要带好学生证🪪不然钱包会受伤 3老门东很多好看的都在小巷子里，比如说香水博物馆秋也家，想买什么香水都可以先闻再买，莫奈风的装修，如果有太阳的话，就像个秘密花园 🍲好吃的 📍钟山风景区：大明王朝南京菜（地铁口旁，逛完钟山风景区可以吃完再回去） 📍老门东：米辣、竹里馆、庙东排骨创始店（就在景区，比较方便） 📍新街口：泥炉烧肉师、芮卡、鸿福面馆（住新街口附近的话吃着就很方便） 📍北门桥：松澜烧鸟酒场、朱小乐（离新街口较近，也比较方便） 机票怎么订便宜？方法我放下面啦！ ⭕下载并打开去哪旅行app🐫 ⭕首页搜索框输入475276 ⭕点击搜索领取优惠券下单立享优惠！ 现在就可🉑抢！ 抓紧手速 ✅有这些： 🎫20元机票燃油券 🎫50元深航机票券 希望这篇攻略可以帮到大家呀～祝大家在南京玩的开心🎉,玻璃栈道; 下关火车主题公园; 江豚观赏地; 大马路; 中山码头; 浦口火车站,滨水区域; 历史遗迹; 公园/绿地; 地标/空间节点; 交通枢纽,玻璃栈道; 火车头与车厢; 观景平台; 码头设施; 铁路轨道,长江; 江面,开阔江景; 工业风格建筑; 长江大桥全景,,,,,,路线清晰,基本功能完善,有历史感; 出片,宁静/放松; 有氛围感,有历史感; 有文化底蕴,无法判断,Positive,愉悦/开心; 放松/平静; 兴趣/好奇,中/一般,否,独自; 与朋友; 与家人,散步; 观景; 拍照; 游览,,,推荐,否,适合city walk的城市漫步路线,[玻璃栈道] -> [出片]; [下关火车主题公园] -> [有历史感],[有历史感] -> [兴趣/好奇]; [出片] -> [愉悦/开心],[愉悦/开心] -> [推荐],[开阔江景] -> [放松/平静],[玻璃栈道] [连接] [下关火车主题公园]; [中山码头] [通过轮渡连接] [浦口火车站],,在下关滨江风光带路线(地点/滨水+历史)，进行城市漫步和拍照活动(行为)，感知到开阔江景和工业遗存(视觉)，认为该区域有历史感且适合拍照(认知美学)，感到放松和愉悦(情感)，并作为推荐路线分享给他人(行为意图)。,0.275225203
377,,,,,,,,,,,,,,,,,,,,,,,,,,,,,,,,,,,,0.49685818
738,中山码头非常好的地方，坐轮渡过长江，基本都是20分钟一班，中午11点到下午2点是一小时一班，刷公交卡或者买票就是两块钱，公交车坐到中山码头下来就可以看到了，想起若干年前去香港🇭🇰让游客看江景坐的就是这种轮渡船🚢，破破烂烂的，比南京这里差远了！,中山码头,交通枢纽,轮渡; 码头设施; 公交车站,长江,江景,,江景,,,,路线清晰（公交车直达）,交通便利；票价便宜；班次规律,比香港轮渡新/好,便捷; 有回忆感,与香港轮渡的对比引发城市比较记忆,无法判断,Positive,舒适/安全; 自豪/归属感,中/一般,否,无法判断,乘坐轮渡; 观景; 公共交通出行,,,推荐/下次还来,否,轮渡体验良好,[轮渡] -> [交通便利]; [轮渡] -> [票价便宜],[交通便利] -> [舒适/安全]; [比香港好] -> [自豪/归属感],[舒适/安全] -> [推荐/下次还来],[江景] -> [舒适/安全],[中山码头] [通过公交连接] [市区]; [轮渡] [跨越] [长江],[轮渡] [价格] [2元],在中山码头（地点），乘坐轮渡跨江（行为），感知到江景和轮渡服务品质（感官与功能），认为其比香港更优且交通便利（认知评价），感受到舒适与自豪（情感），并表达了推荐态度（行为意图）。,0.57961588
290,一座有着百年历史的火车站，在这里发生了很多感人至深的故事，其不仅代表着人们的离别与重逢，更是见证了时间的流转与岁月的变迁！,南京西站,历史遗迹; 交通枢纽,火车站建筑; 候车厅; 月台; 铁轨,,具有历史感的建筑外观,列车汽笛声,有历史感,列车汽笛声引发联想,,,空间布局清晰（基于历史描述）,已不具备现代交通功能但具有文化展示价值,有设计感; 精致; 有历史韵味,怀旧; 有故事感; 沉静,象征离别与重逢; 承载时光记忆; 有文化底蕴,无法判断,Positive,怀旧/温馨; 敬佩/惊叹,强/高,否,无法判断,参观; 怀旧回忆; 拍照留念,,沉浸在历史氛围中,推荐参观; 有文化意义值得了解,无法判断,感受到历史厚重感，体验深刻,[百年火车站] -> [有历史感]; [火车站建筑] -> [有文化底蕴],[有文化底蕴] -> [怀旧/温馨]; [见证岁月变迁] -> [敬佩/惊叹],[怀旧/温馨] -> [沉浸于历史氛围中],[火车站的历史背景] -> [敬佩/惊叹],[南京西站] [是] [下关火车主题公园组成部分],[火车站] [承载] [城市记忆],在南京西站这座百年火车站（地点/历史遗迹），感知到火车站建筑和列车汽笛声（感官体验），认为其有历史感且承载时光记忆（认知评价），感受到怀旧与敬佩的情感（情感表达），并表达了推荐参观的行为意图（行为意图）。,0.350294913
478,🪄坐公交到中山码头坐⛴宁浦线 ❣温馨提示1：轮渡半小时一趟，近期排队的人很多，进去也很快，我工作日去的，如果刚好上一班走，差不多也就等20多分钟，在船上的时间很短！ 🪄到达浦口码头看指示牌 步行就直达浦口火车站近代建筑风貌街区(免费🆓） 里面有很多可以拍照的地方～ ❣温馨提示2：因为目前感觉还没那么完善，所以可看的比较少，当出来吹吹江风，citywalk，回忆一下朱自清的《背影》完全可以。 🪄现在天黑的较早，所以落日很快就没了hh如图p12 ❣温馨提示3：轮渡最晚一班19:00,中山码头; 浦口码头; 浦口火车站近代建筑风貌街区,交通枢纽; 历史遗迹; 公园/绿地,轮渡; 指示牌; 近代建筑; 铁路设施,江风; 落日,近代建筑风貌; 可拍照地点,江风吹拂,有很多可以拍照的地方,,江风吹拂舒服,,路线清晰（看指示牌步行直达）,轮渡半小时一趟；轮渡最晚一班19:00；排队有序,近代建筑风貌有美感,适合citywalk; 有文化氛围（联系《背影》）,朱自清《背影》文学联想,人多/拥挤（排队的人很多）,Positive,放松/平静; 愉悦/开心,中/一般,否,独自,乘坐轮渡; citywalk; 拍照; 观景,,在船上的时间很短；出来吹吹江风,推荐作为休闲去处,否,拍照体验良好；适合散步放松,[浦口火车站近代建筑风貌街区] -> [有很多可以拍照的地方]; [轮渡服务] -> [半小时一趟],[吹吹江风] -> [放松/平静]; [拍照体验] -> [愉悦/开心],[放松/平静] -> [推荐作为休闲去处],[近代建筑风貌] -> [愉悦/开心],[中山码头] [通过轮渡连接] [浦口码头]; [浦口码头] [步行连接] [浦口火车站近代建筑风貌街区],[朱自清《背影》] [引发回忆],从中山码头乘坐轮渡至浦口码头（地点），进行城市漫步和拍照活动（行为），感知到江风吹拂的舒适触觉和近代建筑的视觉美感（感官体验），认为该区域适合休闲散步且具有文化氛围（认知评价），感受到放松和愉悦的情感（情感表达），并将其推荐为城市休闲去处（行为意图）。,0.54180249
324,大家好，我是61酱！ 马上国庆节了，做好带娃出行准备了吗？ 游南京不想人挤人，可以考虑这条游玩路线哦， 仅需2元就可以坐轮渡游长江！简直不要太快乐🎉‼ 🚩路线：打车🚗至中山码头⛵，或公交车🚌31、34路中山码头站！ 🚩轮渡时间6:0019:00，半小时左右一趟，仅需2元，可刷公交码上船，乘坐十几分钟即可到达南京北站，⛴一楼可以停电动车，想要二楼窗边的位置就需要跑得快，也可以花10元去三楼甲板观景，但不是每趟都开放，船上可以近距离拥抱长江，观赏长江大桥全貌，天气好建议下午四点多来，可以欣赏长江的日落🌞，绝美！ 下船就是南京北站，即朱自清的背影里的车站！旁边也有复古街区，狠适🈴拍复古风的照片，上图照片都是在那拍的。大概半小时逛完，可以乘船返回，有时间也可以附近逛逛！ 附近景点： 1首都电厂旧址 2江豚观赏点 3南堡公园（玻璃栈道） 4下关火车站 5长江大桥 之后打车返回。,中山码头; 南京北站; 首都电厂旧址; 江豚观赏地; 大桥南堡公园; 下关火车主题公园; 长江大桥,交通枢纽; 历史遗迹; 公园/绿地; 地标/空间节点; 商业设施,轮渡; 码头设施; 电动车停放区; 观景甲板; 长江大桥; 古街建筑; 火车站建筑; 玻璃栈道,长江; 日落,复古风格建筑; 长江大桥全貌; 长江日落; 开阔江景,江风,绝美,,近距离拥抱长江,,路线清晰; 时间安排明确,价格实惠(2元); 刷公交码便捷; 电动车停放方便; 航程约十几分钟,复古风适合拍照; 长江大桥壮观; 日落美景,适合亲子出行; 不拥挤,朱自清《背影》中的车站; 历史感,人少/不拥挤,Positive,愉悦/开心; 放松/平静; 敬畏/惊叹,强/高,否,与家人,乘坐轮渡; 拍照; 游览; 观景; 看日落; 亲子活动,带娃出行,大概半小时逛完,推荐; 下次还来,否,太快乐; 绝美日落,[轮渡] -> [价格实惠]; [长江日落] -> [绝美],[复古风适合拍照] -> [愉悦/开心]; [近距离拥抱长江] -> [放松/平静]; [长江大桥壮观] -> [敬畏/惊叹],[愉悦/开心] -> [推荐; 下次还来]; [放松/平静] -> [适合亲子出行],[长江日落] -> [敬畏/惊叹]; [近距离拥抱长江] -> [放松/平静],[中山码头] [通过渡轮连接] [南京北站]; [南京北站] [邻近] [复古街区]; [南京北站] [包含] [朱自清背影场景],[轮渡] [价格] [2元]; [三楼甲板] [额外费用] [10元],在中山码头至南京北站轮渡线路中（地点），与家人一起进行亲子出游（行为），感知到江风拂面和长江日落（感官体验），认为该线路价格实惠且风景绝美（认知评价），感到愉悦、放松和惊叹（情感表达），并强烈推荐此亲子出行路线（行为意图）。,0.102009501
571,约不到妹子，那就爬楼 原来风光佬的快乐是这样的终于找到了传说中的机位,无法判断,地标/空间节点,建筑屋顶; 楼梯/通道,城市景观,城市风光,,视野开阔,,爬楼,,有'传说中的机位'方向感暗示,适合摄影,有美感的城市景观,满足感,摄影文化意义,空旷/没人,Positive,兴趣/好奇; 自豪/归属感,中/一般,否,独自,爬楼; 摄影,,找到机位并停留拍摄,下次还来,否,体验满足预期,[城市景观] -> [适合摄影]; [高楼位置] -> [视野开阔],[满足感] -> [自豪/归属感],[自豪/归属感] -> [下次还来],[城市景观] -> [满足感],无法判断,无法判断,在未明确指出的具体地点（可能是高楼），通过爬楼到达具有摄影价值的位置（人造特征），进行摄影活动（行为），感知到开阔的视觉景观（感官体验），认为该地点适合摄影且具有满足感（认知评价），感受到自豪和归属感（情感表达），并表达了再次来访的意愿（行为意图）。,0.089248212
40,📢计划出一个新系列 整理和分享之前合作过，允许拍摄的场地信息 合作拍摄过的场地推荐 不是我的场地哈 推荐指数45 之前有一部片子需要在南京找到一个火车车厢的内景 有一些很偏僻的废弃场地 但实际拍摄有危险 最好还是找到了这一家火车主题公园 同样也很适合平面摄影～ 1场地情况 这个场地是在公园里的一节火车 p24内部 拍摄效果（车厢走道） p5外部 实景 车厢内部较窄，可拍摄区域比较有限 走道可同时让2个人通行 包厢可坐4个人左右 内部分为1012节车厢 内饰基本一致 但头尾的的车厢面积会更大一点 2配合度 有管理员，配合度非常高，申请流程方便 3周边环境 场地门口就是厕所和小店，走十步路就到 器材车无法直接到场地，要停在公园最近的一个门 拉器材到景里（这一路全程可用小推车） 4价格 需要花钱，价格对在读学生组偏高（比较主观）,下关火车主题公园,公园/绿地; 历史遗迹; 地标/空间节点,绿皮火车; 火车车厢; 车厢走道; 包厢; 公园设施; 厕所; 小店,,工业风建筑; 绿皮火车; 火车车厢内饰,,适合平面摄影,,车厢内部较窄; 可同时让2个人通行,,路线清晰; 器材运输路径明确,配合度高; 申请流程方便; 设施齐全（厕所、小店）; 对学生组费用偏高,适合平面摄影; 工业风格; 有一定设计感,具有历史感; 文艺,具有历史感; 有故事性,无法判断,Positive,兴趣/好奇; 舒适/安全,中/一般,否,与同事,拍摄; 参观; 器材搬运,与管理员互动,进行专业拍摄,推荐,否,拍摄体验良好但成本较高,[火车主题公园] -> [适合平面摄影]; [火车车厢] -> [具有一定拍摄限制],[适合平面摄影] -> [兴趣/好奇]; [配合度高] -> [舒适/安全],[兴趣/好奇] -> [推荐该场地]; [舒适/安全] -> [愿意再次使用],[工业风格车厢] -> [兴趣/好奇],[火车车厢] [位于] [公园内部]; [厕所和小店] [靠近] [场地门口],[器材运输] [需使用小推车] [从最近的门进入],在下关火车主题公园（地点/历史遗迹），进行影视拍摄活动（行为），感知到车厢狭窄的空间特征（触觉），认为该场地适合平面摄影且管理员配合度高（认知评价），感受到兴趣与安全感（情感），并表达了推荐意愿（行为意图）。,0.380644772
169,南京有自己的橘子海🌊 🗺路线：中山码头浦口码头江豚观赏地 铁路轮渡栈桥旧址 下关火车主题公园欢乐舞台长江大桥南堡公园 🚇1号线珠江路乘坐公交🚌或打车🚗到中山码头 🌄冬日日落时间16:3017:00 中山码头 可以乘坐2r的轮渡前往浦口，去看看朱自清笔下的火车站，记得买两袋橘子🍊 一定要预留充足的时间⌚轮渡比较热门，上下班高峰期需排队 下关火车主题公园🚞 首图！在冬天退潮的时候可以在这个位置看橘子海🌊等太阳慢慢地落下来 zui后一站📍长江大桥下的玻璃栈桥，可以导航好好便利店🏪（宝塔桥西街店）沿着栈道走进来就可以看到长江大桥啦！晚上来还会亮灯，也很好看✨ 正好带上🍂我超爱的黄油白丝绒拿铁☕city walk好搭子！这次和好好家族联 名 好可爱🥰 返程可以骑车前往🚇上元坊乘坐3号线 晚上江边风大！一定要注意保暖～,中山码头; 浦口码头; 江豚观赏地; 铁路轮渡栈桥旧址; 下关火车主题公园; 欢乐舞台; 长江大桥南堡公园; 好好便利店（宝塔桥西街店）; 玻璃栈道,滨水区域; 历史遗迹; 公园/绿地; 地标/空间节点; 商业设施; 交通枢纽,轮渡; 码头设施; 铁路轮渡栈桥; 火车主题公园; 蒸汽火车; 玻璃栈道; 长江大桥; 导航点便利店; 拿铁咖啡,长江; 橘子海; 日落; 天空; 风,橘子海; 江景; 长江大桥; 黄油白丝绒拿铁; 亮灯夜景,江风,好看; 出片; 很好看; 很治愈,,风大; 需要保暖,咖啡香味,路线清晰; 可导航,轮渡价格便宜; 有明确营业时间; 有专门观景点,好看; 出片; 很好看; 很治愈; 有设计感,浪漫; 放松; 安静; 有氛围,历史感; 文学联想（朱自清笔下）; 怀旧,人多/拥挤（轮渡高峰期）,Positive,愉悦/开心; 放松/平静; 兴趣/好奇; 舒适/安全,强/高,否,独自; 与朋友,散步; 拍照; 观景; 打卡; 骑行; 乘坐轮渡; 饮用咖啡; 游览,与好好家族联名互动,等待太阳慢慢落下,推荐; 下次还来,否,拍照很出片; 观赏日落很治愈; 咖啡是city walk好搭子,[橘子海] -> [好看/出片]; [长江大桥玻璃栈道] -> [晚上亮灯很好看],[好看/出片] -> [愉悦/开心]; [安静放松的氛围] -> [放松/平静],[愉悦/开心] -> [推荐; 下次还来]; [放松/平静] -> [等待太阳慢慢落下],[橘子海日落] -> [治愈/愉悦]; [江风] -> [舒适但需保暖],[中山码头] [通过渡轮连接] [浦口码头]; [好好便利店] [邻近] [长江大桥玻璃栈道],[黄油白丝绒拿铁] [搭配] [city walk],在南京下关滨江区域（中山码头至长江大桥玻璃栈道），进行城市漫步、拍照打卡等活动（行为），感知到橘子海日落的视觉美感和江风拂面的触觉体验（感官），认为该区域景色出片且氛围浪漫治愈（认知评价），感受到愉悦放松的情绪（情感），并表示会再次来访（行为意图）。,0.701270095
343,昨天从浦口码头坐七点整的末班轮渡，来到了中山码头。下了轮渡经过路过下关电厂旧址往左边一看瞬间走不动道了，真的太美了。,浦口码头; 中山码头; 下关民国首都电厂旧址公园,交通枢纽; 历史遗迹,轮渡; 码头设施; 下关电厂旧址建筑,长江; 夜晚灯光,电厂旧址建筑群; 江面夜景; 灯光倒影,,太美了,,,,路线清晰（从浦口码头到中山码头）,轮渡运营至晚上七点,电厂旧址建筑具有历史美感,夜晚氛围独特,电厂旧址的历史感,无法判断,Positive,愉悦/开心; 敬畏/惊叹,强/高,否,独自,乘坐轮渡; 观赏夜景,,瞬间走不动道了（停留欣赏）,推荐/下次还来,否,对电厂旧址的夜景观赏体验非常满意,[下关电厂旧址] -> [真的太美了],[真的太美了] -> [愉悦/开心; 敬畏/惊叹],[愉悦/开心] -> [推荐/下次还来],[电厂旧址夜景] -> [愉悦/开心; 敬畏/惊叹],[浦口码头] [通过渡轮连接] [中山码头]; [中山码头] [邻近] [下关电厂旧址],,在浦口码头至中山码头的夜间轮渡体验中（地点），独自乘坐轮渡并观赏到下关电厂旧址的迷人夜景（行为），感知到江边夜景的视觉美感（感官），认为电厂旧址建筑具有强烈的历史美感（认知评价），感到非常愉悦和惊叹（情感），并表达了强烈重访意愿（行为意图）。,0.229566291
310,阵阵江风微凉， 缓缓漫步江畔， 黑鹰翱翔白云外， 白鹭觅食江滩上， 江水悠悠， 芦苇飘扬， 渡轮开往彼岸， 看！这秋日美好景象。 沿滨江风光带滨江绿道往中山码头方向前行，一路都有零散分布的芦苇，时不时还会看到黑耳鸢在天空和江面盘旋，白鹭在江滩上闲庭信步的觅食，乌龟趴在江边大石头上晒太阳，幸运的话还能看见江豚在水中嬉戏。沿路的芦苇和建筑都很适合拍人像写真。国庆节期间去的，江边人并不多，但是坐轮渡去浦口码头的人还是挺多的。在浦口去了胡杨根馄饨店吃了一碗泡泡馄饨，加了虾皮和榨菜，是老南京馄饨的味道，很好吃。 拍摄时间：2023年10月5日 拍摄地点： 民国首都电厂旧址公园： 图1到图6～夕space餐厅 图7到图9～下关滨江商务区综合指挥中心 滨江绿道沿线，图10到图15 中山码头：可坐轮渡至对岸的浦口码头，票价2元（可刷公交卡）。图16、图17 浦口火车站，可惜去的时候火车站锁了，不能进去拍照。图18 赏花观物写词，纯属个人爱好。图片文案皆原创，禁止商用，转发借用请注明出处或。谢谢！,滨江风光带; 滨江绿道; 中山码头; 浦口码头; 民国首都电厂旧址公园; 夕Space落日餐厅; 下关滨江商务区综合指挥中心; 浦口火车站; 胡杨根馄饨店,滨水区域; 公园/绿地; 地标/空间节点; 商业设施; 交通枢纽,滨江绿道; 建筑群; 渡轮; 码头设施; 餐厅; 馄饨店,江风; 江水; 芦苇; 黑耳鸢; 白鹭; 乌龟; 江豚,秋日景色; 芦苇; 黑耳鸢飞翔; 白鹭觅食; 江水悠悠; 渡轮航行; 人像写真场景,江风微凉; 食物香味,美好; 适合拍人像写真,,江风微凉,食物香味,路线清晰（沿滨江风光带往中山码头方向）,轮渡票价便宜且可刷公交卡,美好景象; 适合拍人像写真,宁静; 自然; 文艺,老南京味道,人不多,Positive,愉悦/开心; 放松/平静,中/一般,否,独自,散步; 拍照; 观景; 乘坐轮渡; 品尝美食,观察自然生物,一路观赏并拍摄,推荐,否,拍摄体验满意，美食体验良好,[滨江风光带] -> [适合拍人像写真]; [老南京馄饨] -> [好吃],[美好景象] -> [愉悦/开心]; [自然氛围] -> [放松/平静],[愉悦/开心] -> [推荐],[秋日江畔景色] -> [愉悦/开心],[滨江风光带] [沿着] [长江]; [中山码头] [通过渡轮连接] [浦口码头]; [民国首都电厂旧址公园] [邻近] [夕Space餐厅],[泡泡馄饨] [配料] [虾皮和榨菜],在滨江风光带（地点/自然特征），进行散步、拍照、观景等活动（行为），感知到江风微凉和自然美景（感官体验），认为景色优美且有文艺感（认知评价），感到愉悦放松（情感表达），并表达了推荐意愿（行为意图）。,0.985039547
901,风太大没能坐上轮渡，有些遗憾。 旧地重游，新的文化街区也开放了，百年老站的背影越走越远。,南京西站; 下关火车主题公园; 铁路轮渡旧址,历史遗迹; 公园/绿地; 交通枢纽,轮渡; 文化街区; 火车站建筑,风,百年老站,风大（触觉）,,,风大,,路线清晰（熟悉区域）,轮渡因天气停运（不便）; 新文化街区开放（功能性提升）,百年老站有历史感,怀旧,历史感; 记忆联想,无法判断,Mixed,遗憾; 怀旧,中/一般,是（期待->遗憾）,无法判断,游览,,旧地重游,未明确表示回避或接近意愿,是（因风大未能乘坐轮渡）,,[轮渡] -> [因风大停运]; [百年老站] -> [有历史感],[有历史感] -> [怀旧]; [未能乘坐轮渡] -> [遗憾],[遗憾] -> [未能乘坐轮渡],[百年老站] -> [怀旧],[新文化街区] [邻近] [百年老站],,在下关滨江区域旧地重游（地点），感知到风大（触觉），认为百年老站具有历史感（认知评价），感到遗憾和怀旧的混合情感（情感），因天气原因未能乘坐轮渡并产生了计划改变（行为意图）。,0.189382997
956,打工人续命工具，迷你小电风扇，好好看，还有三个档位，追剧神器来啦！数量有限，送完为止，冲！7.298.11,无法判断,无法判断,无法判断,无法判断,无法判断,无法判断,无法判断,无法判断,无法判断,无法判断,无法判断,迷你小电风扇有三个档位,迷你小电风扇好看,无法判断,无法判断,无法判断,Positive,愉悦/开心,中/一般,无法判断,无法判断,购买; 获取赠品,无法判断,无法判断,想要获得赠品,无法判断,无法判断,无法判断,[迷你小电风扇好看] -> [愉悦/开心],[愉悦/开心] -> [想要获得赠品],无法判断,无法判断,[迷你小电风扇] [功能] [三个档位]; [迷你小电风扇] [用途] [追剧神器],无法判断,0.866719936
944,"南京栖霞山长江大桥，简称栖霞山大桥，原称南京长江第四大桥，《南京市城市总体规划》中quot;五桥一隧quot;过江通道之一，2008年建成时被誉为quot;中国的金门大桥quot; 📸：Canon600dsigma18200,73mm拍摄（半画幅） 参数：a档，ISO100,f11，后期9张堆栈 位置：南大附近，很好找 建议带小架子，大架子也能拍但是右边会有遮挡",南京栖霞山长江大桥,地标/空间节点,桥梁,,桥梁景观,,,,,,,拍照取景有遮挡限制,被誉为'中国的金门大桥',,具有规划意义的过江通道,无法判断,Positive,兴趣/好奇,中/一般,否,独自,摄影; 参观,,,推荐（带小架子）,否,对摄影效果有特定要求,[栖霞山长江大桥] -> [被誉为'中国的金门大桥'],[被誉为'中国的金门大桥'] -> [兴趣/好奇],[兴趣/好奇] -> [推荐带小架子拍摄],[栖霞山长江大桥] -> [兴趣/好奇],[栖霞山长江大桥] [位于] [南京]; [拍摄位置] [靠近] [南大],[摄影器材] [影响] [拍摄效果],在南京栖霞山长江大桥（地点），独自进行摄影活动（行为），感知到大桥作为地标性建筑的视觉吸引力（认知美学），产生兴趣和好奇心（情感），并表达了带合适设备拍摄的推荐意图（行为意图）。,0.007122457
12,1918年冬，朱自清去北京上学，在浦口火车站与父亲话别。 我们过了江，进了车站。我买票，他忙着照看行李。 他望车外看了看，说：我买几个橘子去。你就在此地，不要走动。 可曾记得这篇朱自清的散文？ 浦口火车站，《背影》的发生地，老式英式建筑，三层砖木结构。 车站保留下了斑驳外墙的老建筑，包括候车大楼、月台、雨廊、售票房、贵宾楼、电报房、职工住宅楼等，被称为中国最完整的百年车站。 走过拱形雨廊，望见3层主楼的红色屋顶上写着南京北站四个大字，主楼正对面的广场上有一座专门为纪念孙中山先生灵柩停放处所建的中山停灵台。 旧车站里，那块用繁体字呈现的＂行李包裹提取处＂的铁皮牌子和锈迹斑斑的铁皮灯罩，让人感觉时空交错，仿佛看到了作家当年提着随身行李在这里驻足的情景。再往里走，会看到如今仍在使用的火车轨道，货车依然会在老铁轨上穿梭而行。 👇👇👇 📝历史沿革📝 ✅民国三年（1914年），浦口火车站正式开通运营。 ✅1929年5月28日，装运孙中山先生灵柩的火车通过津浦铁路从北平运抵浦口火车站，奉安大典迎灵仪式，建中山停灵台。 ✅1968年10月，随着南京长江大桥通车，浦口火车站停办客运。 ✅1985年，恢复部分客运，更名为南京北站。 ✅2004年10月，停办客运。 🚉交通攻略：从中山码头搭渡轮到浦口码头下，步行即到。,浦口火车站; 南京北站; 中山码头; 浦口码头; 中山停灵台,历史遗迹; 交通枢纽,老式英式建筑; 候车大楼; 月台; 拱形雨廊; 售票房; 贵宾楼; 电报房; 职工住宅楼; 红色屋顶; 铁皮牌子; 铁皮灯罩; 火车轨道; 货车; 渡轮,,斑驳外墙; 红色屋顶; 铁皮牌子; 锈迹斑斑的铁皮灯罩; 老铁轨,,斑驳; 红色屋顶; 锈迹斑斑,,,,路线清晰（从中山码头到浦口码头）,历史遗迹保护完整; 仍有货运功能,老式英式建筑; 斑驳外墙; 锈迹斑斑; 有设计感,时空交错; 怀旧; 有故事,《背影》记忆关联; 孙中山灵柩停放历史; 文学回忆; 历史文化厚重,无法判断,Positive,怀旧/温馨; 敬畏/惊叹; 兴趣/好奇,中/一般,否,无法判断,参观游览; 阅读学习; 拍照打卡; 乘坐轮渡,,深入探索车站内部,推荐/有兴趣前往,否,感受到浓厚的历史氛围和文学联想,[老式英式建筑] -> [有设计感]; [锈迹斑斑的铁皮灯罩] -> [时空交错],[怀旧氛围] -> [怀旧/温馨]; [文学记忆关联] -> [兴趣/好奇],[怀旧/温馨] -> [推荐/有兴趣前往],[斑驳外墙] -> [怀旧/温馨],[浦口火车站] [位于] [浦口码头附近]; [中山码头] [通过渡轮连接] [浦口码头],[孙中山灵柩] [停放于] [中山停灵台],在浦口火车站(地点/历史遗迹)，进行参观游览和拍照打卡(行为)，感知到斑驳外墙和锈迹斑斑的铁皮灯罩(视觉)，产生时空交错的历史联想(认知评价)，感受到怀旧与好奇的情感(情感)，并表达了对这一历史场所的兴趣(行为意图)。,0.754795345
179,"于一身的城市,其大气之美尤为显著",,,,,,,,,,,,,,大气之美,,,Positive,愉悦/开心,中/一般,否,,,,,,,,,[大气之美] -> [愉悦/开心],,,,,对城市整体感知中，产生大气之美的认知评价，感受到愉悦情感。,0.105687789
897,南京作为一个历史比较悠久厚重的城市，著名的旅游景点还是很多的，下面我从我自己的一些感受方面，给大家提供一些思路： （这里只放部分最著名且比较方便到达的景点） 📍出南京站： 玄武湖：南京站南广场对面即是玄武湖（4A）是一个挺大的湖，湖水清澈平静，可以划船🛶，情侣园方向也是紫峰大厦🏙的一个机位点，玄武湖边上也能看到明城墙的核心一段 古鸡鸣寺：玄武湖往南出口不远就到，求姻缘求财神💰心诚则灵，每年四月多到五月还会有樱花🌸 紫金山：玄武湖东南角白马公园是紫金山⛰上山的一个入口（另一个在蒋王庙），紫金山不高，白天去可以上到天文台，其中白马路线比较平缓，蒋王庙路线全程阶梯 总统府：鸡鸣寺往南路过鼓楼到大行宫，很快就能到达总统府，作为民国的象征性建筑，值得一去（需预约） 先锋书店：总店为五台山店，位于鼓楼站西南方向，有许多人留下的明信片🎑，可以看到感人有趣的故事 新街口（德基等）：2号线上大行宫往西，亚洲最大的地铁站之一，本地人都常迷路的大转盘，其中7号口通往德基广场，以其奢华的装饰出名，有几个上千万的厕所🚾可以去打卡 夫子庙：大行宫3号线上往南，沿路有科巷小吃街，种类多且相对便宜，但旺季需排队。夫子庙有中国科举博物馆等，可以看秦淮河夜景，小吃多但不一定都正宗，商业化较严重。附近还可以到老门东，是一条老街，也有一些南京经典小吃 南京博物院：需提前预约，较难约，喜欢了解古物、历史的可以去，质量很高，值得一去 遇难同胞纪念馆：需提前预约，也很难约，纪念南京大屠杀的这段历史 红山动物园：南京站往北一点到达，国内为数不多的无动物🐒表演的动物园，（动物自己要表演）动物种类多，生活状态好，有一些知名的动物明星🦁 中山陵：明孝陵风景区，位于紫金山东边，是纪念孙中山先生的地方，中山陵边上是音乐台（看鸽子🐦飞）还有梅花山、中山植物园等；其中著名的梧桐🌲大道也在明孝陵景区附近，有包括陵园路在内的一些路段 牛首山：从南京南站出往北可以到达，耗巨资建的，佛教🪷文化，壮观，需购买门票 中山浦口码头：相对偏远，可以坐轮渡过长江，其中浦口码头⛵对应的南京西站（浦口火车站）也是朱自清先生《背影》里的背景地点（买橘子🍊那个） 📍关于交通方式：如果人数较少的话建议直接坐地铁🚇或者公交🚌，南京的地铁线是很全面的，如果手机带nfc功能可以直接办理一个金陵通地铁卡,中山浦口码头; 浦口火车站; 南京西站,交通枢纽,轮渡,,,,,,,,相对偏远,可以坐轮渡过长江,,,浦口火车站是朱自清《背影》中的背景地点,,Neutral,,,否,,乘坐轮渡,,,,否,,[中山浦口码头] -> [相对偏远]; [中山浦口码头] -> [可以坐轮渡过长江],,,,[浦口码头] [对应于] [南京西站]; [浦口码头] [邻近] [浦口火车站],[中山浦口码头] [功能] [过江交通],在中山浦口码头(地点)，进行乘坐轮渡过长江(行为)，感知到其地理位置相对偏远(认知评价)，没有明显的情感倾向(情感)，并强调了其作为朱自清《背影》中浦口火车站的历史文化意义(行为意图)。,0.871183402
424,大家好，我是摄影师林宇森，这次我们去一直很火的南京下关火车主题公园拍照，一趟拍摄下来，有好有坏，先大家总结一下需要注意的点吧。 1下关火车是俩节火车，一节是带独立包厢的，消费200（没记错的话）才给进，而且这个是不允许拍照的，如果只是拍照的话，就不用考虑啦～另一节公共车厢的是可以拍摄的，消费买几串关东煮就行。 2室内拍摄，要注意光线够不够充足，我们当时去的时候是阴天，室内光线很暗，只有车厢自带天花板顶光，要注意人脸光线，特别如果本身相机高感不好的，如残幅机最好等有太阳再来拍。 3取景，在车厢这种较狭窄的空间里，要注意你的拍摄机位构图等等，以及确定好你带的焦段是否适合在狭窄的空间里拍摄，还有注意窗外的景，不要太过杂乱。 4车外拍摄，车外拍摄的话其实就一个站台，如p2可以可以用个广角，人物站在火车旁拍一张，如果想法够多的话也可以下车的时候拍一张手扶梯特写，或者人物站在梯子上向后看（拍出火车延伸感），如果有带梯子的话，可以站梯子上用站台上的灯坐前景，拍摄人物等车等等情节。 5除了拍摄火车，也可以逛逛公园其他地方，江边芦苇荡，或者是不远处的邮轮渡口都可以尝试。 以上是我对这次下关火车拍摄的总结啦～希望能对你有些帮助，如果大家还有其他好看的拍摄地，也可以推荐给我哦，我们下次再见,下关火车主题公园; 江边芦苇荡; 邮轮渡口,公园/绿地; 地标/空间节点; 商业设施; 交通枢纽,火车车厢; 独立包厢; 公共车厢; 关东煮摊位; 站台; 手扶梯; 梯子; 灯具; 芦苇荡; 渡口设施,芦苇荡,火车延伸感; 广角构图; 火车与人物场景; 江边景观,,光线充足与否; 室内光线很暗; 窗外景色杂乱,,,,空间布局清晰但拍摄需要技巧,部分区域需消费进入; 拍摄设备要求较高,火车场景有美感; 江边芦苇荡自然美,适合摄影创作,工业风建筑; 怀旧氛围,适中,Mixed,兴趣/好奇; 谨慎/担忧,中/一般,否,独自或专业团队,摄影; 游览; 构图设计; 器材调试,摄影师分享经验,进行长时间拍摄,推荐但建议准备充分,否,拍摄体验有好有坏，需要专业准备,[火车车厢] -> [空间较狭窄]; [江边芦苇荡] -> [自然美],[拍摄难度] -> [谨慎/担忧]; [火车场景美] -> [兴趣/好奇],[谨慎/担忧] -> [建议准备充分再拍摄],[火车延伸感构图] -> [兴趣/好奇],[火车主题公园] [包含] [江边芦苇荡]; [站台] [邻近] [邮轮渡口],[摄影师] [使用] [不同镜头],在下关火车主题公园（地点/人造特征），进行专业摄影创作（行为），感知到室内光线条件和空间限制（视觉），认为场景具有美学价值但拍摄有一定难度（认知评价），产生兴趣与谨慎的混合情感（情感），并推荐他人但建议做好充分准备（行为意图）。,0.492780074
682,南京新晋网红打卡地：长江大桥南堡公园的网红栈桥开放啦，夜景真的很美很治愈，重点是免费，趁着五一假期赶紧艾特Ta一起去打卡吧！,长江大桥南堡公园; 网红栈桥,公园/绿地; 地标/空间节点,栈桥,,夜景; 灯光,,很美,,,,,免费,美; 治愈,治愈,,无法判断,Positive,愉悦/开心; 放松/平静,中/一般,否,与朋友,打卡; 拍照; 夜游,建议和朋友一起前往,,推荐; 下次还来,否,,[网红栈桥] -> [美]; [夜景] -> [治愈],[美] -> [愉悦/开心]; [治愈] -> [放松/平静],[愉悦/开心] -> [推荐; 下次还来],[夜景] -> [治愈],[网红栈桥] [位于] [长江大桥南堡公园],,在长江大桥南堡公园网红栈桥（地点/人造特征），进行夜间打卡活动（行为），感知到美丽的夜景灯光（视觉），认为景观具有美学价值且令人治愈（认知评价），感到愉悦和放松（情感），并推荐他人前往（行为意图）。,0.695158382
976,🐰提及素有六朝古都、十朝都会美誉的南京，相信大家都不陌生。夫子庙、明孝陵、中山陵、玄武湖、总统府都是大家熟知的必去景点。但是今天猪猪要介绍的，是有着另一番风味的百年老站浦口火车站。💥💥 🌸中国唯一保存民国特色的百年老站 浦口火车站始建于清光绪三十四年（1908年）；于民国三年（1914年）正式开通运营；2004年10月，停办客运；2013年5月，列入第七批全国重点文物保护单位。 🎆🎆 🌟2004年10月，浦口火车站客运正式停止运营。但她依旧活跃在文学舞台。 1918年冬，朱自清去北京上学，在浦口火车站与父亲话别，写下了散文名篇《背影》； 1919年春，毛泽东送湖南留法学生去上海，在浦口火车站丢失了一双布鞋，陷入困顿，幸遇老乡，解了燃眉之急(见斯诺的《西行漫记》); 2000年，电视连续剧《情深深雨蒙蒙》取景地； 2002年，电视连续剧《金粉世家》取景地； 2004年，电影《茉莉花开》取景地； 2020年，电影《致我们终将逝去的青春》取景地； 等等🎆🎆 🌟2017年3月19日，浦口火车站旧址开始动工改造。此次动工改造旨在保护历史建筑的基础上，打造历史文化展示区和影视基地，从而传承浦口火车站的百年历史文化，提升旅游、休闲的文化内涵，使江北新区成为休闲文化新中心。🎆🎆 💓最后不得不说，没有去过浦口火车站旧址的朋友们的确错过了最原始朴素没有修饰的历史，但以后有机会去一趟改造后的风情小镇，又何尝不是一件好事呢！中国历史源远流长，处处皆是风景。南京浦口火车站，等待大家去探索哦！🎀 生活薯 薯管家,浦口火车站,历史遗迹; 文化展示区; 影视基地,火车站建筑; 候车室; 月台; 铁轨; 民国风格建筑,,民国风格建筑; 历史感场景; 影视取景地,,原始朴素; 历史感强,,,,无法判断,无法判断,有设计感; 有历史感; 精致/粗糙,怀旧; 有故事; 有文化底蕴,有历史感; 有文化底蕴; 有象征意义; 有回忆,无法判断,Positive,怀旧/温馨; 兴趣/好奇; 自豪/归属感,中/一般,否,无法判断,参观; 游览; 拍照,,,推荐; 下次还来,否,,[浦口火车站] -> [有历史感]; [民国特色建筑] -> [有文化底蕴],[有历史感] -> [怀旧/温馨]; [有文化底蕴] -> [自豪/归属感],[怀旧/温馨] -> [推荐]; [自豪/归属感] -> [下次还来],[民国风格建筑] -> [兴趣/好奇],[浦口火车站] [邻近] [长江]; [浦口火车站] [位于] [江北新区],[浦口火车站] [关联人物] [朱自清]; [浦口火车站] [关联事件] [《背影》创作地],在浦口火车站(地点/历史遗迹)，感知到民国风格建筑的历史氛围(视觉)，认为该地有深厚历史文化底蕴(认知评价)，感受到怀旧、自豪与兴趣交织的情感(情感)，并表达了推荐前往探索的意愿(行为意图)。,0.252331369
595,城市的夜晚霓虹灯璀璨,无法判断,无法判断,霓虹灯,无法判断,霓虹灯光,无法判断,璀璨,无法判断,无法判断,无法判断,无法判断,无法判断,无法判断,无法判断,无法判断,无法判断,Positive,愉悦/开心,中/一般,无法判断,无法判断,,无法判断,无法判断,无法判断,无法判断,无法判断,[霓虹灯] -> [璀璨],[璀璨] -> [愉悦/开心],无法判断,[霓虹灯] -> [愉悦/开心],无法判断,无法判断,在城市的夜晚（地点），感知到霓虹灯的视觉效果（感官），认为灯光璀璨（认知评价），感到愉悦（情感），但未提及具体行为意图。,0.062494359
54,吃完晚饭一路狂飙 还好赶上了落日 只是今天没有晚霞 否则应该会更美吧 话说～南京现在哪里人少啊 不知道要去哪里玩 怕被挤死,无法判断,滨水区域,无法判断,落日; 晚霞（缺失）,落日景观,无法判断,应该会更美,无法判断,无法判断,无法判断,无法判断,无法判断,无法判断,无法判断,无法判断,人多/拥挤,Mixed,放松/平静; 焦虑/害怕,中/一般,是（放松->焦虑）,无法判断,散步; 观景,无法判断,赶上了落日,避免拥挤地点,否,成功看到落日但遗憾缺少晚霞,[落日] -> [应该会更美],[应该会更美] -> [放松/平静],[焦虑/害怕] -> [怕被挤死],[落日] -> [放松/平静],无法判断,无法判断,在南京某地（地点），进行观落日活动（行为），感知到视觉美感但遗憾缺少晚霞（感官），认为景色应该会更美（认知评价），感到放松但仍担心人群拥挤（情感），并表达了寻找人少景点的意愿（行为意图）。,0.864623067
96,不管你是生活在南京，还是来第一次南京玩 我都会毫不犹豫推荐这条线路！！ 一条沿江citywalk路线，既有百年南京厚重历史， 也有独属于长江的海岛浪漫！！ 你会偶遇民国建筑群，拍到复古火车头，也会坐上了2块💰的渡江游轮，会看到了朱自清笔下《背影》里的车站 🕑下午两点钟到达第一站南堡公园，沿江边一路南下游玩，傍晚来到中山码头正好可以赶上17：00的轮渡，也是轮渡日落的最佳观景时间。时间一定要把握好！ Citywalk路线： 1长江大桥南堡2下关西火车主题公园3栈桥旧址4沿江路5大马路6江豚观赏地7首都电厂旧址8中山码头9浦口码头🔟浦口火车站返程 总计：3h 南堡公园（玻璃栈道 长江大桥） 在玻璃栈道上可以看到长江落日和南京长江大桥，波光粼粼的江面。 沿着滨江道路一直往前走，依次可经过民国建筑群、江豚观赏地。 中山码头 建议下午4点多到，坐上5点那一趟的轮船，找一个靠窗的位置，正好可以赶上日落。轮渡2元次，刷公交卡即可，时间6：0019：00，单程十几分钟。 浦口码头 下船后就是浦口码头，穿过马路就可到达南京北站旧址。这里是《情深深雨濛濛》离别的车站，也是朱自清笔下《背影》里面的车站。 Ps：附近没有直达的地铁，需要打车或者公交车到达目的地。,长江大桥南堡; 下关西火车主题公园; 栈桥旧址; 大马路; 江豚观赏地; 首都电厂旧址; 中山码头; 浦口码头; 浦口火车站,滨水区域; 公园/绿地; 地标/空间节点; 历史遗迹; 交通枢纽,玻璃栈道; 长江大桥; 火车头; 渡江游轮; 轮渡; 民国建筑群; 步道; 指示牌; 轨道; 车站建筑,长江; 江面; 落日; 江豚,长江落日; 波光粼粼的江面; 民国建筑群; 复古火车头; 日系风格照片,轮渡汽笛声; 江风; 江涛声,浪漫; 出片; 视野开阔; 波光粼粼,轮渡汽笛声,江风,,路线清晰; 时间安排明确,设施齐全; 价格便宜; 安全; 方便使用公交卡,好看; 出片; 有设计感; 精致; 有历史感; 文艺,浪漫; 放松; 有氛围感; 有活力,厚重的历史感; 有故事; 有文化底蕴; 有回忆,适中,Positive,愉悦/开心; 放松/平静; 敬畏/惊叹; 兴趣/好奇,强/高,否,独自; 与朋友,散步; 拍照; 乘坐轮渡; 观景; 打卡; 看日落; 游览; 参观历史遗址,适合不同人群一起游玩,全程3小时; 待到日落时分,推荐; 想常来,否,城市漫步很浪漫; 拍照出片效果好,[玻璃栈道] -> [视野开阔]; [民国建筑群] -> [有历史感]; [落日] -> [浪漫],[浪漫氛围] -> [愉悦/开心]; [有历史感] -> [敬畏/惊叹],[愉悦/开心] -> [推荐; 想常来],[长江落日] -> [治愈/敬畏]; [江风] -> [舒适],[长江大桥南堡] [连接] [下关西火车主题公园]; [中山码头] [通过轮渡连接] [浦口码头],[轮渡] [价格] [2元/次],在南京下关滨江区域（地点），进行沿江城市漫步、拍摄民国建筑群和复古火车头等活动（行为），感知到长江落日和波光粼粼江面的视觉美感（视觉），认为该地区兼具历史厚重感和浪漫氛围（认知评价），感到愉悦放松并产生敬畏之情（情感），并强烈推荐给他人且表示想再次来访（行为意图）。,0.107497279
644,有点富士山下罗森那个味儿了，车流动下的711，落日余晖下的711，和朋友，和恋人，你自己，都可以，带感，出片儿！打卡拍照的出片地儿！搜索深业滨江江边路,7-11江边路店,商业设施; 地标/空间节点,便利店; 道路; 车流; 照明设施; 指示牌,落日,落日余晖中的便利店; 出片场景,,带感,无法判断,无法判断,无法判断,无法判断,无法判断,出片; 好看; 有设计感,浪漫; 有氛围感,熟悉感（类似日本富士山下罗森）,适中,Positive,愉悦/开心; 兴趣/好奇,强/高,否,独自; 与朋友; 与伴侣,拍照; 打卡; 散步,和朋友，和恋人一起,无法判断,推荐; 下次还来,否,拍照体验很好,[落日余晖下的711] -> [出片; 好看; 有设计感],[出片] -> [愉悦/开心]; [有氛围感] -> [兴趣/好奇],[愉悦/开心] -> [推荐; 下次还来],[落日余晖下的7111] -> [愉悦/开心],[7-11江边路店] [位于] [深业滨江江边路],[7-11] [相似于] [日本富士山下罗森],在深业滨江江边路7-11江边路店（地点），和朋友、恋人或独自进行拍照打卡活动（行为），感知到落日余晖下的视觉美感（感官体验），认为该地好看且有氛围感（认知评价），感受到愉悦与好奇（情感表达），并表达了强烈推荐和重访意愿（行为意图）。,0.009855373
51,这是情深深雨蒙蒙书恒和依萍离别的车站，也是朱自清的父亲去买橘子留下《背影》的地方。 下午五点的光线绝绝子！太能拍出故事感了✨,南京西站,历史遗迹; 文化地标,车站建筑; 站台; 轨道; 候车室,阳光,光影效果; 故事感场景,,绝绝子; 太能拍出故事感,,,,路线清晰（著名文学作品中的场景）,,有设计感; 有历史感; 有文化内涵,有氛围感; 浪漫; 怀旧,有历史感; 有文化底蕴; 有文学联想; 有回忆,无法判断,Positive,愉悦/开心; 敬畏/惊叹; 怀旧/温馨,强/高,否,无法判断,拍照,,,推荐; 想常来,否,拍照很出片,[下午五点的光线] -> [太能拍出故事感]; [车站建筑] -> [有历史感],[有历史感] -> [怀旧/温馨]; [太能拍出故事感] -> [愉悦/开心],[愉悦/开心] -> [太能拍出故事感]; [怀旧/温馨] -> [推荐],[下午五点的光线] -> [愉悦/开心],[南京西站] [是] [《背影》发生地],[情深深雨蒙蒙] [取景地关联] [南京西站],在南京西站（地点/历史遗迹），进行拍照活动（行为），感知到下午五点的光线视觉美感（感官），认为车站有历史感和文化内涵（认知评价），感到愉悦和怀旧（情感），并强烈推荐此地（行为意图）。,0.558134617
787,老下关也是走起来了,老下关,滨水区域,,,,,,,,,,,,,老下关的历史意义,,Positive,兴趣/好奇,中/一般,否,无法判断,散步; 游览,,,想来体验,否,,[老下关] -> [历史意义],[历史意义] -> [兴趣/好奇],[兴趣/好奇] -> [想来体验],,,,在老下关(地点)，进行散步、游览(行为)，感知到该区域的历史意义(认知意义)，产生兴趣(情感)，并表达了想来体验的意愿(行为意图)。,0.041096042
905,从创业模式回归到养生晒太阳模式！生活本就是宁静平凡，少一些焦虑，多一些释怀。与天地共处，江风拂过，游船路过，远处传来火车的轰鸣，近处友人们的欢声笑语。看一场日落，任浪花飞溅！,下关滨江,滨水区域; 公园/绿地; 地标/空间节点,步道/漫步道; 灯塔; 滨水岸线; 座椅/休憩设施; 栏杆; 游船; 铁路轮渡旧址,长江; 江面; 落日; 天空; 风; 浪花,落日; 江景; 浪花飞溅,江风; 火车轰鸣声; 友人笑声,宁静; 平凡但美好; 开阔; 出片,嘈杂（火车声）; 欢声笑语,舒服; 安静放松; 江风吹拂,,视野开阔; 方向感强,适合休闲放松; 设施完善,有设计感; 自然美; 协调,宁静; 放松; 浪漫,历史感（火车轰鸣）; 怀旧感; 生活气息,适中,Positive,放松/平静; 愉悦/开心,中/一般,否,与朋友,晒太阳; 观景; 聊天; 看日落; 发呆,近处友人们的欢声笑语,与天地共处; 看一场日落,推荐; 下次还来,否,看日落很治愈; 和朋友相处很开心,[江风] -> [舒服]; [日落] -> [治愈/浪漫],[宁静氛围] -> [放松/平静]; [自然美景] -> [愉悦/开心],[放松/平静] -> [与天地共处]; [愉悦/开心] -> [下次还来],[江风+日落] -> [治愈/放松],[下关滨江] [靠近] [铁路轮渡旧址]; [江边] [可看到] [游船],[火车轰鸣声] [唤起回忆或联想],在下关滨江（地点），与朋友一起晒太阳、观看日落（行为），感知到江风拂面和火车轰鸣的声音（感官体验），认为空间氛围宁静且富有自然美感（认知评价），感到放松与愉悦（情感表达），并表达了下次还想来的意愿（行为意图）。,0.536362311
204,上个月小组视频作业去拍的，先发一组 大场景爽！ 在南京下关火车公园,下关火车主题公园,公园/绿地; 历史遗迹,火车; 轨道; 拍摄设备架设点,,大场景,,爽,,,,,,爽,,,,Positive,愉悦/开心,中/一般,否,与朋友,拍摄; 小组合作,小组视频作业,,,否,,[大场景] -> [爽],[爽] -> [愉悦/开心],[愉悦/开心] -> [分享照片],[大场景] -> [愉悦/开心],,[视频作业] -> [小组合作],在南京下关火车主题公园（地点），进行小组视频拍摄活动（行为），感知到开阔的大场景视觉效果（视觉），认为场景很爽（认知评价），感到愉悦开心（情感），并选择分享拍摄成果（行为意图）。,0.595276628
339,夕space落日餐厅,夕Space落日餐厅,商业设施,,,,,,,,,,,,,,,Neutral,,中/一般,否,,,,,,否,,,,,,,,提及夕Space落日餐厅这一地点，但未提供具体的空间特征、感知体验、情感表达或行为活动细节。,0.870809216
450,"🌟🌟路线特色： 1 老山 南京最大的国家级森林公园 森林覆盖率超过80 2全程机动车较少 3 骑行路况良好、有趣味性 🌈🌈骑行总公里数：63公里 累计爬升: 647m 🌟🌟骑行路线： 【行者】路书编号 下载行者APP，搜索路书编号，点下方使用, 进入导航模式，或将路书下载至码表导航 🌟🌟路况见图1、2、4、5、8 👉👉起点： 1 骑车过江轮渡 （中山码头浦口码头） 导航：中山码头 ✅ 轮渡运营时间：6:0019:00（票价2元） 节假日： 9:0011:0015:0019:00（30 分钟一班） 其余时段约一小时一班。 工作日： 6:007:0018:0019:00（30 分钟一班）7:009:0016:0018:00（20 分钟一班） 其余时段约一小时一班。 242前往（自驾🚗带自行车🚲） 🅿导航：南京珍珠泉风景区西大门停车场 🚾公共厕所在停车场内 🍜食物补给点： 1 响塘水库： ✅蝉山间茶餐厅 ✅栀咖啡（如图6、7) 2汤泉镇 有面馆、奶茶、农家乐 🌟🌟自带补给建议： 1 12袋能量胶 2盐丸（夏日骑行补充体内流失电解质） 3500ml白开500ml电解质水 🌟🌟骑行服穿着建议： 1高温骑行情况下， 建议不要传长裤长袖，影响散热速度 2不建议戴防晒面罩， 影响摄氧量，增加心肺负担",老山; 中山码头; 浦口码头; 南京珍珠泉风景区西大门停车场; 响塘水库; 汤泉镇,公园/绿地; 交通枢纽; 商业设施,轮渡; 自行车道; 停车场; 公共厕所; 山间茶餐厅; 咖啡店; 面馆; 农家乐,老山森林; 江面,,,,,骑行走热快（气温高）,,路线清晰（提供路书编号和导航说明）,轮渡运营时间明确；补给点充足；停车便利；公共厕所配备完善,骑行路况良好、有趣味性,,老山为南京最大国家级森林公园，具有生态意义,机动车少，人流量适中,Positive,兴趣/好奇; 舒适/安全,中/一般,否,独自或群体（骑行需携带自行车，适合结伴）,骑行; 乘坐轮渡; 自驾; 就餐; 休息; 补水/补给,无明确社交互动描述,在响塘水库和汤泉镇可停留用餐,推荐该骑行路线并提供详细指南,否,骑行路况良好、趣味性强，但需注意高温天气下的身体状况管理,[老山] -> [森林覆盖率超过80%]; [骑行路况] -> [路况良好、有趣味性],[骑行路况良好] -> [兴趣/好奇]; [森林覆盖率高] -> [舒适/安全],[兴趣/好奇] -> [推荐骑行路线]; [舒适/安全] -> [合理规划补给和着装],[老山自然环境] -> [舒适/安全],[中山码头] [通过轮渡连接] [浦口码头]; [南京珍珠泉风景区西大门停车场] [位于] [老山附近]; [响塘水库] [邻近] [汤泉镇],[轮渡] [价格] [2元],在南京老山及中山码头-浦口码头区域（地点），进行长途骑行活动（行为），感知到良好的骑行路况和森林环境（空间特征），认为路线设计合理且具趣味性（认知评价），感到舒适和有兴趣（情感表达），并表达了推荐意愿（行为意图）。,0.227022402
490,我是前天下午去的，实在是很一般，感觉就是仓促开业，根本没有做好准备。 最值得看的浦口火车站，根本就没有开放，其实应该是根本就没有交给地方，一直在铁路手里，所以既没有维修更谈不上参观，只能在外面看个样子，和十几年前去看的几乎没有任何区别。 大马路的招商层次不高，基本上没有什么老字号或者当前有名的店铺，而且店铺入住率也不高，最多一半。 总体来说，这里像低配版的1912，不是没有人气，而是留不住人气。 我觉得没有做好准备的情况下仓促开放只会把好感度拉低，去过的人会有上当的感觉。,浦口火车站; 大马路,历史遗迹; 商业设施,火车站建筑; 招商商铺,,未开放的浦口火车站外观; 招商层次不高的商业街,,没有变化（和十几年前一样）,,,,路线清晰但缺乏吸引力,未开放导致无法参观; 商业设施不完善; 入住率低,低配版1912街区; 缺乏维护,留不住人气; 不吸引人,有历史感但未开发; 与过去记忆相同,适中（有人气但留不住）,Negative,失望/悲伤; 厌恶,强/高,否,独自,游览; 参观,,匆匆离开,劝退; 不会再来,否,参观体验不佳,[浦口火车站未开放] -> [失望/不满]; [大马路招商水平低] -> [低配版1912],[低配版1912] -> [失望/悲伤]; [未开发的历史资源] -> [厌恶],[失望/悲伤] -> [劝退; 不会再来],[未开放的浦口火车站] -> [失望/悲伤],[浦口火车站] [邻近] [大马路],[仓促开放] [导致] [好感度降低],在南京下关滨江区域（浦口火车站、大马路）（地点），进行游览和参观（行为），感知到浦口火车站未开放和商业层次不高的空间特征（人造特征），认为该区域是低配版1912且缺乏开发维护（认知评价），感到失望和厌恶（情感），并表达了劝退和不再来的行为意图（行为意图）。,0.656254895
106,去江边看日落🌄，看船🚢，想象自己在厦门，新加坡，芭提雅🧎♀ 最近🌉南堡公园的人气也太高涨了！吧！！ 💡我愿称之为昔日夫子庙，人声鼎沸，人潮涌动，下意识捏紧口罩偶尔还想屏住呼吸😷 💡我去那天，大桥的灯18:58亮，中间柱子上的江豚也拍到了✌ 💡亮灯瞬间，心空了一下 💡那天树上的灯也难得亮了 💡看评论说周末和节假日才亮灯 💡蚊子超多 💡温馨提示：中间片段有点晕船，请提前服用晕船药💊 💡片尾有 🤫 💡最近爱歌做bgm，圆满了 薯队长 VLOG薯,南堡公园; 大桥,公园/绿地; 地标/空间节点,大桥; 灯光设施; 江豚雕塑; 树灯,江面; 日落,灯光亮起; 江豚雕塑; 树灯; 晕船视角,蚊虫叮咬; 口罩触感; 屏住呼吸,心空了一下,人声鼎沸,捏紧口罩; 屏住呼吸; 晕船,,无法判断,灯光仅周末/节假日开放,灯光秀好看; 有设计感; 像厦门/新加坡/芭提雅,人声鼎沸; 人潮涌动; 浪漫氛围; 有活力,昔日夫子庙; 文化联想; BGM增添情感,人多/拥挤,Mixed,愉悦/开心; 紧张/焦虑; 放松/平静,中/一般,是（放松->紧张->放松）,独自,观景; 拍照; 散步; 看日落,感受到人群的存在但未描述具体互动,待到亮灯时刻并拍摄,无明显回避，但有提醒（蚊子、晕船）,否,认为灯光秀值得一看，BGM加分,[大桥灯光] -> [心空了一下]; [南堡公园人气] -> [人声鼎沸],[灯光秀] -> [愉悦/开心]; [人群密集] -> [紧张/焦虑],[愉悦/开心] -> [推荐观看灯光秀],[日落] -> [放松/平静]; [大桥亮灯] -> [治愈感],[南堡公园] [邻近] [大桥],[蚊子] [影响体验]; [晕船] [建议服药],在南堡公园及大桥区域（地点），独自观景拍照（行为），感知到日落光影与大桥灯光（视觉）、人群嘈杂（听觉）及口罩触感（触觉），认为灯光秀浪漫有设计感但人群密集影响体验（认知评价），产生放松与紧张交织的混合情感（情感），表达了对灯光秀的喜爱但仍需注意蚊虫与晕船的提醒（行为意图）。,0.033551965
218,南京铁路轮渡栈桥旧址。 地图导航即可找到。 门票0元， 小众、文艺、工业风拍照打卡胜地。 傍晚时分色彩极佳。 然而，更重要的是，这里曾是中国最早的铁路轮渡。 上个世纪三四十年代，火车通过这种方式跨过长江。 薯队长 人文薯 生活薯,铁路轮渡旧址,历史遗迹; 地标/空间节点,铁路轮渡栈桥; 工业风建筑,傍晚光线,工业风; 文艺风; 傍晚色彩,,色彩极佳,,,,路线清晰（地图导航即可找到）,方便到达；无门票,小众; 文艺; 工业风; 有设计感,有氛围感; 有历史感,中国最早的铁路轮渡; 有故事; 有文化底蕴,人少,Positive,愉悦/开心; 敬畏/惊叹; 兴趣/好奇,中/一般,否,无法判断,拍照; 打卡; 游览,,傍晚时分前往,推荐; 想常来,否,拍照出片效果好,[铁路轮渡栈桥] -> [小众]; [铁路轮渡栈桥] -> [文艺]; [铁路轮渡栈桥] -> [工业风],[文艺风格] -> [愉悦/开心]; [工业风] -> [兴趣/好奇]; [历史意义] -> [敬畏/惊叹],[愉悦/开心] -> [推荐]; [兴趣/好奇] -> [拍照打卡],[傍晚色彩] -> [愉悦/开心],,[铁路轮渡栈桥] -> [中国最早的铁路轮渡],在南京铁路轮渡栈桥旧址（地点/历史遗迹），进行拍照和打卡活动（行为），感知到傍晚的绝佳色彩（视觉），认为该地文艺且有工业风格并具有历史意义（认知评价），感受到愉悦、敬畏和好奇的情感（情感表达），并表达了推荐意愿（行为意图）。,0.843241742
193,2025年南京43家景点免费开放日，赶紧收藏✌,无法判断,无法判断,无法判断,无法判断,无法判断,无法判断,无法判断,无法判断,无法判断,无法判断,无法判断,无法判断,无法判断,无法判断,无法判断,无法判断,Positive,兴趣/好奇,中/一般,否,无法判断,收藏信息,无法判断,无法判断,无法判断,无法判断,无法判断,无法判断,[免费开放日信息] -> [兴趣/好奇],[兴趣/好奇] -> [收藏信息],无法判断,无法判断,[南京] [包含] [43家景点],文本未提供具体地点或空间体验信息，仅提及2025年南京43家景点免费开放日信息，引发用户兴趣并选择收藏该信息。,0.938214779
726,著名的南京市长 江大桥 P1 P2 P3分别是三个角度的长江大桥 所以哪一个才是最好看的呢 这次去的是经典的夜景机位 因为一些莫名其妙的原因只能白天去了 能碰到很多火车 真的有种气势磅礴的感觉 同时也谢谢告诉我机位的好兄弟,长江大桥,地标/空间节点; 历史遗迹,长江大桥主体结构; 铁路轨道; 观景平台; 拍照机位,长江; 天空,长江大桥全景; 火车通过的场景; 夜景灯光效果（提及但未体验）,火车汽笛声; 火车经过时的震动感,气势磅礴,火车运行的声音,无法判断,无法判断,存在多个明确拍照机位(P1/P2/P3),作为摄影地点功能良好，有明确观景点,气势磅礴; 经典地标建筑,壮观; 有历史感,标志性建筑; 有历史厚重感,适中（能碰到很多人和火车）,Positive,敬畏/惊叹; 兴趣/好奇,强/高,否,独自（通过他人推荐获得机位信息）,观光; 摄影; 等待最佳拍摄时机,感谢告知机位的朋友,无法判断具体停留时间，但有专门前往拍摄,推荐并表示会再次造访,是（原计划夜景因故改为白天）,对长江大桥的气势感到震撼,[长江大桥] -> [气势磅礴]; [火车经过] -> [气势磅礴],[气势磅礴] -> [敬畏/惊叹],[敬畏/惊叹] -> [推荐并表示会再次造访],[长江大桥全景] -> [敬畏/惊叹],[P1/P2/P3机位] [不同角度展示] [长江大桥],[好兄弟] [提供] [摄影机位信息],在长江大桥(地点/地标)，进行摄影活动(行为)，感知到火车通过时的气势磅礴(视觉感受)，认为这是个经典地标建筑(认知评价)，感受到敬畏与惊叹(情感)，并表示会再次造访(行为意图)。,0.898033417
327,下关火车公园也迎来了改造。 江边平台立了一个我在南京很想你的网红路牌，方便了大家拍照打卡。 多了一些商业和餐饮，新开了一个津浦书院。 火车也进行了翻新，变成了主题餐厅。 消费也不贵，一份糖芋苗12r，一份桂花酒酿8r，玩累了可以进去坐着休息一下，真的算得上很平价了。 江边拍照真的很好看， 天气好的时候可以拍到像海一样碧蓝的江面。 有晚霞的日子，还可以拍到橘子海。 漫步在江滩上， 听着浪花声，吹吹江边的晚风，看着浪漫的日落。 这样的江边谁会不爱呢。 薯队长 日常薯 薯管家 生活薯 摄影薯 南京拍照｜南京机位｜南京旅行｜南京小众机位,下关火车主题公园,公园/绿地; 商业设施; 历史遗迹,网红路牌; 商业设施; 餐饮设施; 主题餐厅; 火车; 津浦书院; 座椅/休憩设施,长江; 江面; 晚霞; 江风; 浪花; 日落,网红路牌; 橘子海; 碧蓝江面; 火车主题餐厅,浪花声; 江风,好看; 碧蓝; 很平价,浪花声,江风吹拂,,路线清晰,设有休憩设施; 消费平价; 商业配套完善,好看; 出片; 平价,浪漫; 放松; 治愈,历史感; 文艺; 浪漫; 怀旧,适中,Positive,愉悦/开心; 放松/平静,强/高,否,无法判断,拍照; 漫步; 观景; 打卡; 就餐; 休息,方便了大家拍照打卡,玩累了可以进去坐着休息一下,推荐; 下次还来,否,玩得很舒服; 拍照出片; 散步很放松,[网红路牌] -> [出片]; [江边平台] -> [视野开阔]; [主题餐厅] -> [平价],[出片] -> [愉悦/开心]; [放松氛围] -> [放松/平静],[愉悦/开心] -> [推荐/下次还来]; [放松/平静] -> [坐着休息],[橘子海] -> [治愈/惊叹]; [江风] -> [舒适/放松],[下关火车主题公园] [包含] [网红路牌]; [津浦书院] [位于] [下关火车主题公园内],[糖芋苗] [价格] [12元]; [桂花酒酿] [价格] [8元],在下关火车主题公园（地点），进行拍照打卡、漫步、品尝美食等活动（行为），感知到江风轻拂和浪花声（触觉/听觉），认为景色优美且消费平价（认知评价），感到愉悦和放松（情感），并表达了强烈推荐意愿（行为意图）。,0.34976932
230,线路：大桥南路公交站南京长江大桥北地铁站大桥南路公交站。全程12.5公里。从大桥西侧过去、东侧回来。如果同侧往返可以减少2.4公里。 路况：这条路一棵树都没有，适合早春和晚秋来徒步。南北桥头堡之间的人行道有红毯走，挺舒服。南京长江大桥的人行道宽度不到两米，且是电单车、自行车和行人混行。刚上桥时非常吓人。后来保洁阿姨告诉我沿着电线杆一侧走会安全很多。在人车混行的道路我很担心身后来车，所以总是选择逆行，这样可以看见前面的来车情况。上桥和下桥都是有坡度的，徒步的人感觉不大明显。但骑自行车的人，由于坡很长，上坡大多推行。大桥北侧引桥起点处有一个楼梯（不注意，看不见），下去后穿过桥洞，再上楼梯就到了大桥公路的另一侧。大桥北端出口处有很多商业城，可以在这里吃个饭再徒步回去。这里也有地铁站，可以坐地铁回市区。 沿途风景：阅江楼护城河、刘伯承广场、俯瞰南堡公园的玻璃栈道、近观金川河汇入长江、南桥头堡（三面红旗和工农兵雕像）、沿途栏杆有年代感满满的浮雕画、当我站在大桥正中间远眺滚滚长江东流水，心情无比激动。一个老南京人竟然第一次徒步穿越南京长江大桥，不免有点羞愧，但更多的还是圆梦的兴奋。 city walk,南京长江大桥; 大桥南堡公园; 玻璃栈道; 阅江楼; 护城河; 刘伯承广场; 金川河; 南桥头堡; 三面红旗雕塑; 工农兵雕像; 大桥北地铁站; 大桥南路公交站,地标/空间节点; 公园/绿地; 路径/步道; 广场/开阔地; 滨水区域; 历史遗迹; 交通枢纽,大桥结构; 人行道; 红毯; 电线杆; 楼梯; 桥洞; 商业城; 地铁站; 栏杆浮雕; 雕塑; 铁轨,长江; 金川河; 护城河; 江风,三面红旗雕塑; 工农兵雕像; 栏杆浮雕; 长江景色; 玻璃栈道视野; 滚滚江水,江风; 上坡骑行阻力,年代感满满; 视野开阔; 滚滚长江东流水令人激动,,路面平坦; 坡度明显（骑行）; 红毯舒适,,线路清晰; 楼梯隐蔽不易发现,人车混行存在安全隐患; 沿着电线杆一侧更安全; 商业设施便利,年代感满满浮雕; 工农兵雕像有历史感; 景色壮观,圆梦的兴奋; 些许羞愧; 激动人心,历史感; 城市象征意义; 个人圆梦经历,适中,Positive,兴奋; 激动; 羞愧,强/高,是（羞愧->兴奋）,独自,city walk; 徒步; 骑行; 拍照; 观景; 吃饭,与保洁阿姨交流安全建议,全程徒步并停留多个景点,推荐/下次还来,否,整体体验丰富有意义，但部分路段存在安全隐患,[南京长江大桥] -> [人车混行存在安全隐患]; [大桥正中间] -> [心情激动],[圆梦] -> [兴奋]; [滚滚长江] -> [激动],[兴奋] -> [推荐/下次还来],[站在大桥正中间远眺滚滚长江] -> [激动],[南京长江大桥] [连接] [江南江北]; [玻璃栈道] [位于] [南堡公园上方]; [刘伯承广场] [靠近] [大桥北侧],[逆行人流] [规避风险],在南京长江大桥及周边区域（地点），进行徒步city walk（行为），感知到大桥人车混行的安全隐患和江景的视觉震撼（认知评价），感到兴奋与激动（情感），表达了再次来访的意愿（行为意图）。,0.903110633
393,每次路过南京长江大桥，都像是走进了一部老电影。 这座见证无数人来去的桥，不仅连接着城市两岸，更承载了几代南京人的回忆与温柔。 从晨曦微光到华灯初上，从高铁到绿皮车，每一帧画面都值得被定格。 你也来过这里吗？ 欢迎在评论里分享你和南京长江大桥的故事。 焦段:300mm,南京长江大桥,地标/空间节点; 交通枢纽,桥梁; 高铁轨道; 绿皮火车; 灯光设施; 观景平台,晨曦; 微光; 华灯（人工光源）; 长江,老电影风格; 定格的画面; 温柔光影,无法判断,像是走进了一部老电影; 值得被定格,无法判断,无法判断,无法判断,空间方位清晰（连接城市两岸）,作为交通枢纽功能正常,有设计感; 有历史感; 协调; 浪漫,怀旧; 浪漫; 放松,承载几代南京人的记忆; 见证无数人来去; 有故事; 有文化底蕴,无法判断,Positive,怀旧/温馨; 愉悦/开心; 敬佩/惊叹,中/一般,否,无法判断,路过观察; 拍照记录; 分享故事,邀请他人分享南京长江大桥的故事,无法判断,推荐他人来此体验,否,每一帧画面都值得被定格,[南京长江大桥] -> [承载几代南京人的记忆]; [南京长江大桥] -> [像是走进了一部老电影],[老电影风格] -> [怀旧/温馨]; [承载记忆] -> [敬佩/惊叹],[怀旧/温馨] -> [推荐他人分享故事],[晨曦微光到华灯初上] -> [愉悦/开心],[南京长江大桥] [连接] [城市两岸],[焦段300mm] [摄影设备参数],在南京长江大桥（地点/地标），感知到老电影般的视觉氛围和历史记忆（空间特征），产生怀旧、愉悦的情感体验（情感），认为该地有文化意义且画面值得定格（认知评价），并推荐他人前来感受与分享故事（行为意图）。,0.557495336
703,嗨宝子们我是飞飞飞有点饿 最近要新年了，好多朋友问我南京哪里好逛！给你们整理了一个南京比较冷门的逛吃攻略 🏠中山码头➡老浦口火车站➡天桥烧饼老川浦➡扬子江生态公园➡中山码头 ❤整体建议中午开始逛，到下午3，4点返回～刚好可以看夕阳🌇 你们喜欢这个逛吃路线吗？吃货薯 生活薯 VLOG薯吃货薯,中山码头; 老浦口火车站; 天桥烧饼; 扬子江生态公园,滨水区域; 历史遗迹; 商业设施; 公园/绿地; 交通枢纽,码头设施; 火车站建筑; 餐饮摊位; 公园步道,夕阳,夕阳,,夕阳美丽,,,,路线清晰（环线设计）,适合中午至下午时段游览,夕阳景观有吸引力,悠闲放松的逛吃氛围,历史感（老火车站）、本地美食文化,适中（非热门路线）,Positive,愉悦/开心; 放松/平静,中/一般,否,与朋友,散步; 逛街; 就餐; 观景,,从中午逛到下午3、4点,推荐该路线,否,认为路线适合休闲逛吃,[夕阳] -> [夕阳美丽],[悠闲放松的逛吃氛围] -> [放松/平静]; [夕阳景观] -> [愉悦/开心],[愉悦/开心] -> [推荐该路线],[夕阳] -> [愉悦/开心],[中山码头] [起点和终点] [中山码头]; [老浦口火车站] [邻近] [天桥烧饼]; [扬子江生态公园] [沿线] [长江],,在中山码头出发沿滨江路线（地点/人造与自然特征），进行散步、就餐、观景等逛吃活动（行为），感知到美丽的夕阳（视觉），认为路线悠闲放松且有历史美食特色（认知评价），感到愉悦和放松（情感），并积极推荐这一冷门路线（行为意图）。,0.302003548
592,南京citywalk路线 很适合天气好的时候沿江走一走 中山码头 民国首都电厂旧址公园 大马路（图2） 南京下关历史陈列馆（图34） 民国海军医院旧址（图78） 铁路轮渡栈桥旧址（图9🔟） 下关火车主题公园（图1113） 玻璃栈桥 中山码头和玻璃栈桥在节假日人巨多 停车可以在大马路 这条路线正反走都可 落日时候想去玻璃栈桥看亮灯就顺着上面路线 落日想去坐轮渡过江到浦口站可以反着走 全程free 路程不累 沿途有各种咖啡店便利店 节假日想避开人挤人 就掐头去尾走一走（我本人）,中山码头; 民国首都电厂旧址公园; 大马路; 南京下关历史陈列馆; 民国海军医院旧址; 铁路轮渡栈桥旧址; 下关火车主题公园; 玻璃栈桥,滨水区域; 历史遗迹; 地标/空间节点; 公园/绿地; 商业设施; 交通枢纽,码头; 发电厂建筑; 历史陈列馆; 医院建筑; 栈桥; 火车主题公园; 玻璃栈桥; 咖啡店; 便利店,长江; 天气,落日; 玻璃栈桥亮灯,,适合天气好时游览; 玻璃栈桥亮灯,,路程不累,沿途有各种咖啡店便利店,路线清晰（正反走均可）,停车方便; 全程免费; 路程不累; 有餐饮设施,民国风格建筑; 玻璃栈桥现代感; 有设计感,节假日拥挤; 可以避开人群的替代路线,民国时期的历史感; 历史陈列馆的文化意义,人巨多（节假日）; 适中（非节假日）,Positive,放松/平静; 兴趣/好奇,中/一般,否,独自,散步; 城市漫步; 拍照; 观景; 参观历史陈列馆; 乘坐轮渡,,掐头去尾走一走,推荐; 想常来,否,认为路线设计合理，路程不累,[玻璃栈桥] -> [亮灯视觉效果]; [民国时期建筑群] -> [历史感],[路线清晰且轻松] -> [放松/平静]; [民国历史建筑] -> [兴趣/好奇],[放松/平静] -> [推荐/想常来],[玻璃栈桥亮灯] -> [兴趣/好奇],[中山码头] [通过滨江步道连接] [玻璃栈桥]; [铁路轮渡栈桥旧址] [邻近] [下关火车主题公园],[停车] [位于] [大马路],在南京下关滨江citywalk路线（地点/历史遗迹+滨水区域），独自进行城市漫步、参观历史建筑等行为（行为），感知到天气良好、路程轻松（体感），认为路线清晰且免费开放（功能性），具有民国历史感（文化联想），感到放松与好奇（情感），并表达了推荐意愿（行为意图）。,0.526065671
751,今天一时兴起，坐公交车穿过大桥去大马路看了所剩无几的民国建筑，在江边溜达一下午，蹲到傍晚终于拍到了蓝调时刻的江边路711,长江大桥; 大马路; 江边路7-11店,地标/空间节点; 历史遗迹; 商业设施; 交通枢纽,公交车; 长江大桥; 民国建筑; 江边步道; 7-11便利店,江面; 傍晚光线,蓝调时刻; 民国建筑风格; 江景,,蓝调时刻很出片,,,,路线清晰（公交穿越长江大桥）,公交可达性强; 拍照点充足,民国建筑有历史感; 蓝调时刻视觉效果好,宁静; 有历史感; 独特,民国建筑承载城市记忆; 江边场景引发怀旧,适中（未明确提及人群密集度）,Positive,兴趣/好奇; 愉悦/开心; 放松/平静,中/一般,否,独自,乘坐公交; 参观历史建筑; 散步; 摄影,未提及具体社交互动,溜达一下午；蹲到傍晚,推荐；下次还来,否,拍照体验满意；溜达过程轻松愉快,[民国建筑] -> [有历史感]; [蓝调时刻] -> [视觉效果好],[有历史感] -> [怀旧/温馨]; [蓝调时刻视觉效果] -> [愉悦/开心],[愉悦/开心] -> [推荐/下次还来],[蓝调时刻江景] -> [愉悦/开心],[长江大桥] [连接] [江南与江北]; [江边路7-11] [位于] [江边],[公交车] [作为交通方式] [前往目的地],在长江大桥至江边路7-11路段（地点），独自参观民国建筑并拍摄蓝调时刻景观（行为），感知到民国建筑的历史感和江景的视觉美感（感官），认为该区域具有独特氛围且富有历史意义（认知评价），感到放松和愉悦（情感），并表达了强烈重访意愿（行为意图）。,0.629367053
264,里面还有玻璃剑桥，位置在南堡公园 三号线坐到上元门，然后坐公交车12路就可以 晚上可以去吃东北烤肉去过n次了，巨香（老王东北烤肉）,南堡公园; 上元门,公园/绿地; 交通枢纽,玻璃栈道; 地铁3号线; 公交12路; 烤肉店,,玻璃栈道,烤肉香味,,,,巨香,路线清晰（地铁+公交换乘）,交通便利; 设施齐全,,,,无法判断,Positive,愉悦/开心; 兴趣/好奇,中/一般,否,无法判断,观光游览; 乘坐公共交通; 就餐,,去过n次,推荐/下次还来,否,烤肉体验很好,[玻璃栈道] -> [感兴趣]; [交通路线] -> [路线清晰],[路线清晰] -> [兴趣/好奇]; [烤肉体验很好] -> [愉悦/开心],[愉悦/开心] -> [推荐/下次还来],[玻璃栈道] -> [兴趣/好奇],[玻璃栈道] [位于] [南堡公园]; [地铁3号线] [到达] [上元门站]; [公交12路] [连接] [上元门站和目的地],[老王东北烤肉] [餐饮类型] [东北烤肉],在南堡公园(地点/公园/绿地)，感知到玻璃栈道等视觉特征(感官)，认为交通路线清晰且设施齐全(认知评价)，产生兴趣与愉悦感(情感)，进行观光游览并前往品尝多次东北烤肉(行为活动)，表达了再次光顾的意愿(行为意图)。,0.251330469
429,真的很出片，手机拍摄生图，无滤镜。,,,,,出片场景,,视觉效果好,,,,,,好看/出片,,,,Positive,愉悦/开心,中/一般,否,,拍照,,,,,拍照很出片,[出片场景] -> [好看/出片],[好看/出片] -> [愉悦/开心],[愉悦/开心] -> [拍照],,,,在下关滨江区域（地点/视觉特征），进行拍照活动（行为），感知到良好视觉效果（视觉），认为场景好看出片（认知美学），感到开心（情感），并表达了拍照体验满意（行为评价）。,0.369072005
275,📍下关火车主题公园 地铁3号线林场方向坐到上元门1号口出，一出站就是上元门地铁站公交站台，乘坐12路公交车到宝塔桥公交站，导航一下下关火车主题公园，走不了多远就到啦～ 🕒下午三四点钟到达最为合适啦！阳光正好，趁着最近冬天日落之前还可以去中山码头花2块钱坐轮渡到浦口码头追一场日落🌄不过我们在江的这一边拍照太久啦就没去，但也是非常美很享受！ 拍摄于2025年1月10日15:3017:20 🖼先会看到一片芦苇荡，拍人像很出片！然后可以发现很多人都会跑到下面去，在江边拍照、等日落，波光粼粼的！视野超级开阔，来来往往的船只🛥太阳一点点变红、放大、清晰一直到完全落山，再回头月亮已经升上天空🌌交接班 看日落的好去处！拍照也很出片📷,下关火车主题公园; 中山码头; 浦口码头,公园/绿地; 滨水区域; 交通枢纽,地铁站; 公交站台; 火车头; 轨道; 火车站台; 指示牌; 停车场; 步道; 栏杆; 观景平台; 渡轮,芦苇荡; 长江; 波光粼粼的江面; 太阳; 落日; 月亮; 船只,芦苇荡; 波光粼粼的江面; 落日; 月亮; 出片的日落光影效果,,阳光正好; 很出片; 波光粼粼; 视野开阔; 变红的太阳; 升起的月亮,,,,路线清晰（地铁+公交）; 导航明确,交通便利; 拍照点充足; 适合看日落,很出片; 视觉震撼的日落场景,宁静与浪漫并存; 日落时分氛围感强,火车历史背景联想,适中（很多人拍照）,Positive,愉悦/开心; 放松/平静; 敬畏/惊叹,中/一般,否,与朋友,拍照; 观景; 等待日落; 散步,和朋友一起拍照太久没去对岸,在江边拍照很久,推荐; 下次还来,否,拍照体验很好; 日落过程令人享受,[芦苇荡] -> [拍人像很出片]; [江边视野] -> [视野超级开阔],[视觉震撼的日落场景] -> [敬畏/惊叹]; [很出片] -> [愉悦/开心],[愉悦/开心] -> [推荐; 下次还来],[落日] -> [敬畏/惊叹]; [波光粼粼的江面] -> [愉悦/开心],[下关火车主题公园] [位于] [长江岸边]; [中山码头] [通过渡轮连接] [浦口码头],,在下关火车主题公园及江边区域（地点），与朋友一起进行拍照、观景、等待日落等活动（行为），感知到阳光、波光粼粼的江面和壮丽日落的视觉美感（感官体验），认为该地出片且视野开阔（认知评价），感到愉悦、放松与敬畏（情感表达），并表达了推荐和重访意愿（行为意图）。,0.463150322
553,发现南京2.0版 之 滨江沿线风光 p1 来自南京义乌小商品城的盐城鸡蛋饼以及来自刘记张府园大碗面的六鲜面（四号线龙江站附近），唯有美食不可辜负 p2～p3 江水浑黄，一桥飞架，可惜天公不作美，阴云密布反倒显得有些壮阔 p4 京沪线上火车依旧繁忙，偶遇AD钙奶、垃圾桶和带鱼，还偶遇DF11G大猪头和HXD1D大红枣 p5～p6 沿江漫步至铁路轮渡栈桥旧址，在树荫的缝隙里发现阅江楼的踪迹,铁路轮渡栈桥旧址; 阅江楼,历史遗迹; 地标/空间节点,长江大桥; 火车轨道; DF11G机车; HXD1D机车; 垃圾桶; 树荫路径,长江; 江面; 天空; 树荫; 阴云,江水浑黄; 铁路跨越江面; 阅江楼远景,风,壮阔; 浑黄; 缝隙中发现,火车繁忙运行声,沿江漫步,食物香味（间接提及）,滨江步道路线清晰可循,步行友好但天气影响体验,壮阔; 有工业感; 古今交融,壮阔; 工业气息浓厚; 安静中有生活气息,历史与现代结合; 铁路记忆; 地标可见性,适中,Positive,兴趣/好奇; 敬畏/惊叹,中/一般,否,独自,散步; 观景; 拍照; 品尝美食,,沿江漫步至铁路轮渡栈桥旧址,推荐; 想常来,否,散步过程中发现景观与美食双重体验,[铁路轮渡栈桥旧址] -> [历史感]; [长江大桥] -> [壮阔],[古今交融] -> [兴趣/好奇]; [江水浑黄+阴云] -> [壮阔],[兴趣/好奇] -> [沿江漫步至铁路轮渡栈桥旧址],[阅江楼远景] -> [惊叹]; [长江大桥] -> [敬畏],[铁路轮渡栈桥旧址] [邻近于] [长江边]; [阅江楼] [可视于] [树荫缝隙间],[DF11G/HXD1D机车] [代表] [现代铁路],在南京滨江沿线（地点），进行沿江漫步与摄影（行为），感知到长江浑黄水面与大桥壮阔景象（视觉）、火车运行声音（听觉），认为空间具有工业感与历史感（认知评价），感受到兴趣与敬畏（情感），并表达了想常来的意愿（行为意图）。,0.218169375
49,这是今天下午的江边路，鼓楼滨江风光带一线，也有不少民国建筑,江边路; 鼓楼滨江风光带,滨水区域; 历史遗迹,民国建筑,长江,滨江风光带,,,,,,,,,,有历史感; 文化底蕴,无法判断,Neutral,,弱/低,否,无法判断,散步; 观察,,,,否,,[民国建筑] -> [文化底蕴],[有历史感] -> [中性感知],,[民国建筑] -> [历史文化感知],[江边路] [属于] [鼓楼滨江风光带],,在鼓楼滨江风光带(地点)，沿江边路行走(行为)，感知到民国建筑的历史文化气息(认知)，产生中性的历史文化感知情感(情感)，未明确表达行为意图。,0.853003073
180,今日行程 第一站长江大桥玻璃栈桥 地铁三号线上元门2号口出来，共享单车骑行1015分钟（路程2.5公里）即到长江大桥玻璃栈桥（如图1）或者上元门2号口出来导航到上元门地铁站公交站坐12路车到南堡公园西站下车步行约10分钟左右即到。 第二站下关火车主题公园 然后一路沿着长江向下关火车主题公园方向走，看着货船在长江上来来往往，感受长江的繁忙与辽阔。 第三站铁路轮渡栈桥旧址 第四站民国海军医院旧址 这个地方已经废弃了，院子里满是落叶，看起来很久没有人管理了。 第五站江豚观赏地 这个沿着长江往中山码头方向走就能看到。据说阴天的下午三点半到四点半左右是观看的黄金时间，今天刚好是阴天，我也是差不多这个时间在那附近。其实有远远看到什么东西露出江面，它们速度很快，而且距离岸边比较远，我也不是很确定是不是江豚(捂脸小蜂)附近有江豚书屋、长江微笑驿站，有志愿者科普关于江豚的知识。 第六站民国首都电厂旧址 二楼有个小展览馆，介绍了电厂的历史。（开放时间6:0021:00）然后可以上三楼拍拍江景。 第七站中山码头 电厂旁边就是中山码头，中山码头有游轮跨江到对面的浦口码头，和坐公交一样刷码卡乘坐，单次票价1元！性价比超高！运营时间06:0019:00，1214点期间一小时一趟，其余时间2030分钟一趟。 第八站浦口码头浦口火车站街区 码头出来对面就是老浦口火车站，朱自清的《背影》故事发生地。旁边是浦口火车站街区，有一些民国时期的建筑，不过大部分看起来已经翻修过了。这里也有小集市，可以逛逛吃吃。 结束再坐游轮回到中山码头，中山码头对面就有公交车站。,长江大桥玻璃栈桥; 下关火车主题公园; 铁路轮渡栈桥旧址; 民国海军医院旧址; 江豚观赏地; 民国首都电厂旧址; 中山码头; 浦口火车站,地标/空间节点; 历史遗迹; 公园/绿地; 商业设施; 交通枢纽,玻璃栈桥; 火车; 栈桥; 废弃建筑; 展览馆; 游轮; 老火车站; 民国建筑; 小集市,长江; 货船; 江豚,江景; 民国建筑; 货船往来,志愿者讲解,繁忙与辽阔; 满是落叶; 已经翻修过,,,,路线清晰,交通便利; 性价比超高,普通; 翻修痕迹明显,有历史感,朱自清《背影》故事发生地,适中,Positive,兴趣/好奇; 放松/平静,中/一般,否,独自,步行; 观光游览; 拍照; 观景; 购物; 参观展览; 乘坐轮渡,与志愿者互动了解江豚知识,在江豚观赏地停留观察半小时,推荐,否,游轮性价比高; 江豚观赏略有遗憾但总体满意,[长江] -> [繁忙与辽阔]; [民国建筑] -> [有历史感],[性价比超高] -> [放松/平静]; [有历史感] -> [兴趣/好奇],[放松/平静] -> [推荐],[江景] -> [放松/平静],[长江大桥玻璃栈桥] [位于] [长江大桥]; [民国首都电厂旧址] [毗邻] [中山码头]; [中山码头] [通过轮渡连接] [浦口码头],[游轮] [价格] [1元],在南京下关滨江区域进行一日游（地点），依次游览长江大桥玻璃栈桥、下关火车主题公园等八个景点（行为），感知到长江的辽阔和民国建筑的历史感（认知评价），产生对城市历史文化的兴趣和放松愉悦的情感（情感），并因交通便利和性价比高的体验表达了推荐意愿（行为意图）。,0.598202246
854,南京秋日浪漫谁懂啊！傍晚坐在户外用餐真的好舒服啊！遍吃边聊！太舒服啦！ 晴天🌞来还能拍到日落🌇，美到失语👍🏻 金色的余晖酒满整个餐厅 这种松弛的氛围感好爱啊又又又被美到了！ 真的是一眼惊艳住的那种！！！ 推荐落日前后半小时来餐吧吃饭！超美！ 北非顿蛋、M3牛西冷方行披萨、墨尔本时光班尼迪克蛋等等都好好吃！ 🏡NEW ARC 落日餐厅Brunchamp;Bistro(玄武湖金陵style店,NEW ARC 落日餐厅,商业设施,餐厅户外座位区; 餐厅建筑,日落; 夕阳,金色余晖; 松弛氛围感; 户外用餐场景,,美到失语; 金色的余晖; 一眼惊艳,,好舒服; 太舒服啦,,,推荐落日前后半小时用餐,松弛的氛围感好爱; 美到失语; 一眼惊艳,浪漫; 放松; 有氛围感,,适中,Positive,愉悦/开心; 放松/平静; 敬畏/惊叹,强/高,否,与朋友,用餐; 聊天; 拍照,遍吃边聊,待了很久,推荐; 下次还来,否,吃的很好吃; 拍照出片; 聊天很开心,[夕阳] -> [美到失语]; [户外用餐区] -> [松弛的氛围感好爱],[松弛的氛围感] -> [放松/平静]; [美到失语] -> [敬畏/惊叹],[愉悦/开心] -> [推荐落日前后半小时来餐吧吃饭]; [放松/平静] -> [待了很久],[金色的余晖洒满整个餐厅] -> [敬畏/惊叹],[NEW ARC 落日餐厅] [位于] [玄武湖金陵style店],[北非顿蛋/M3牛西冷方行披萨/墨尔本时光班尼迪克蛋] [口味] [好吃],在NEW ARC落日餐厅（地点/商业设施）户外用餐时，感知到金色夕阳洒满餐厅的视觉美感和舒适座椅带来的触觉享受（感官体验），认为这里氛围松弛浪漫且景色令人惊艳（认知评价），感受到强烈的愉悦与放松情绪（情感表达），并表示会再次光临且推荐他人在落日前后时段前来体验（行为意图）。,0.78810923
686,清明上南京暴走了三天，码出我的经验之谈分享给头铁节假日要去南京的友友们，苦了我不能苦了你们！ 涵盖美食、景点、交通以及路线分享 🔥 美食 ⚠ 夫子庙鸭子鸭血粉丝是超级智商税 ⚠ 南京大牌档叶新小吃达咩！ ⚠ 蟹黄类食物别碰！大概率腥到yue ✅ 烤鸭amp;盐水鸭买14就够！推荐金宏兴徐家鸭子 🚗 交通 ⚠ 钟山景区别租电瓶车！直接坐官方小火车 ⚠ 路边三轮车千万别坐！漫天要价危险 ✅ 摩的秘籍：地铁口拦车大胆砍价！两人15r能送到步行区 ✅ 梧桐大道往返都能打摩的 📸 景点 💣 中山陵美龄宫zong统府 人从众啊啊啊 💣 动物园外毛绒玩具几乎等于义乌批发 ✅ 牛首山虽然远但出片 ✅ 音乐台拍照攻略：选中间摊位20r5张 修图比美图秀秀快 🌸 其余Tips 1 音乐台鸽子食别买 自带面包更香 2 南京博物院、遇难同胞纪念馆、zong统府、中山陵等景点周一闭馆 3 夫子庙逛累了可以去少伯茶苑茶馆，点一杯茶和甜品， 太惬意啦 4 住宿位置选定地铁口就对了 ⭐新街口大行宫：宇宙中心！地铁12号线交汇，去哪都直线 ⭐平价选张府园常府街：3口老卤面、李记锅贴走路10分钟吃到 ⭐预定用艺🐲旅行，你可能没听过这个app，但它No.1单返现就有一百多！ ⚠需要提前预约的景点 ✅同胞纪念馆（提前7天） ✅南京博物院（提前7天） ✅中山陵（提前7天，周一闭馆！） ✅总统府（提前3天，带身份证！） 🚢 橘子海日落（超级安利！！） 中山码头↔浦口码头 2r！坐海上公交 🕐班次：每半小时出发一班，航程约15分钟 🍜南京美食 📍新街口 口口火山：烤牛肠配烧酒，韩剧同款；泥炉烧肉师：黄油横膈膜香到舔盘 📍老门东 鸿福面馆：48r超大碗皮肚面，3人分着吃；竹里馆：脆皮乳鸽爆汁！提前订窗边位 📍科巷（本地菜场王者👑）陶记藕饼、草鸡蛋糕、许阿姨青团 🚶 路线 Day1 遇难同胞纪念馆➡总统府➡先锋书店➡颐和路 Day2 南京博物院➡梧桐大道➡美龄宫➡中山陵➡音乐台 Day3 红山动物园➡玄武湖➡明城墙➡新街口,中山码头; 浦口码头,交通枢纽,渡轮,太阳; 江面,橘子海日落,,橘子海日落,,,,路线清晰（从中山码头到浦口码头）,渡轮价格实惠（2元），班次频繁（每半小时一班）,出片效果好,浪漫,“海上公交”的独特体验,无法判断,Positive,愉悦/开心; 兴趣/好奇,强/高,否,独自或朋友,乘坐轮渡; 拍照; 游览,与同伴一起体验并分享感受,航程约15分钟,强烈推荐,否,性价比高且适合拍照,[渡轮] -> [出片效果好]; [橘子海日落] -> [浪漫氛围],[出片效果好] -> [愉悦/开心]; [浪漫氛围] -> [兴趣/好奇],[愉悦/开心] -> [强烈推荐],[橘子海日落] -> [愉悦/开心],[中山码头] [通过渡轮连接] [浦口码头],[渡轮] [价格] [2元],在中山码头至浦口码头的渡轮体验中（地点），进行拍照和观光（行为），感知到橘子海日落的视觉美感（感官），认为渡轮性价比高且出片效果好（认知评价），感受到愉悦和好奇（情感），并表达了强烈推荐的意愿（行为意图）。,0.270403425
733,喜欢标志性建筑电影风的私 南堡公园长江大桥 下关火车主题公园 街拍,南堡公园; 长江大桥; 下关火车主题公园,地标/空间节点; 历史遗迹; 公园/绿地,长江大桥; 火车; 铁轨; 桥梁,,标志性建筑; 电影风格,,有电影感,,,,,,有设计感; 有电影氛围,有氛围感; 独特,历史感; 文化象征,无法判断,Positive,兴趣/好奇; 愉悦/开心,中/一般,否,无法判断,街拍; 参观; 拍照,,,推荐/感兴趣,否,,[标志性建筑] -> [有设计感]; [电影风] -> [独特氛围],[独特氛围] -> [兴趣/好奇]; [有设计感] -> [愉悦/开心],[兴趣/好奇] -> [推荐/感兴趣],[标志性建筑] -> [愉悦/开心]; [电影风] -> [兴趣/好奇],[南堡公园] [连接] [长江大桥]; [长江大桥] [邻近] [下关火车主题公园],,在南京下关滨江区域的标志性建筑群（长江大桥、南堡公园、下关火车主题公园）中，感知到强烈的电影风格视觉元素，产生兴趣与愉悦的情感，适合进行街拍和拍照活动，并表达了对这一空间的推荐态度。,0.71036809
